SampleID,Collectors,CollectionWeek,Country/Ocean,State/Province,Region,Sector,Site,Lat,Lon,Elev,Depth,Elevation Precision,Depth Precision,GPS Source,Coordinate Accuracy,Event Time,Collection Date Accuracy,Habitat,SamplingProtocol,Collection Notes,Site Code,FieldID,Collection Date
KBIMP_01_F10,D. Nowosad,1,Canada,Nunavut,Kitikmeot,CBAY,"Stream between 1st lake
 and Grenier",69.20555,-104.78194,10m,,,,,,,,,Dipnet,,,CBAY0020,July 21 2024
KBIMP_01_F11,D. Nowosad,1,Canada,Nunavut,Kitikmeot,CBAY,"Stream between 1st lake
 and Grenier",69.20555,-104.78194,10m,,,,,,,,,Dipnet,,,CBAY0020,July 21 2024
KBIMP_01_F12,D. Nowosad,1,Canada,Nunavut,Kitikmeot,CBAY,"Stream between 1st lake
 and Grenier",69.20555,-104.78194,10m,,,,,,,,,Dipnet,,,CBAY0020,July 21 2024
KBIMP_01_G2,D. Nowosad,1,Canada,Nunavut,Kitikmeot,CBAY,"Stream between 1st lake
 and Grenier",69.20555,-104.78194,10m,,,,,,,,,Dipnet,,,CBAY0020,July 21 2024
KBIMP_01_G3,D. Nowosad,1,Canada,Nunavut,Kitikmeot,CBAY,"Stream between 1st lake
 and Grenier",69.20555,-104.78194,10m,,,,,,,,,Dipnet,,,CBAY0020,July 21 2024
KBIMP_01_G4,D. Nowosad,1,Canada,Nunavut,Kitikmeot,CBAY,"Stream between 1st lake
 and Grenier",69.20555,-104.78194,10m,,,,,,,,,Dipnet,,,CBAY0020,July 21 2024
KBIMP_01_G5,D. Nowosad,1,Canada,Nunavut,Kitikmeot,CBAY,"Stream between 1st lake
 and Grenier",69.20555,-104.78194,10m,,,,,,,,,Dipnet,,,CBAY0020,July 21 2024
KBIMP_01_G6,D. Nowosad,1,Canada,Nunavut,Kitikmeot,CBAY,"Stream between 1st lake
 and Grenier",69.20555,-104.78194,10m,,,,,,,,,Dipnet,,,CBAY0020,July 21 2024
KBIMP_01_G7,D. Nowosad,1,Canada,Nunavut,Kitikmeot,CBAY,"Stream between 1st lake
 and Grenier",69.20555,-104.78194,10m,,,,,,,,,Dipnet,,,CBAY0020,July 21 2024
KBIMP_01_G8,D. Nowosad,1,Canada,Nunavut,Kitikmeot,CBAY,"Stream between 1st lake
 and Grenier",69.20555,-104.78194,10m,,,,,,,,,Dipnet,,,CBAY0020,July 21 2024
KBIMP_01_G9,D. Nowosad,1,Canada,Nunavut,Kitikmeot,CBAY,"Stream between 1st lake
 and Grenier",69.20555,-104.78194,10m,,,,,,,,,Dipnet,,,CBAY0020,July 21 2024
KBIMP_01_G10,D. Nowosad,1,Canada,Nunavut,Kitikmeot,CBAY,"Stream between 1st lake
 and Grenier",69.20555,-104.78194,10m,,,,,,,,,Dipnet,,,CBAY0020,July 21 2024
KBIMP_01_G11,D. Nowosad,1,Canada,Nunavut,Kitikmeot,CBAY,"Stream between 1st lake
 and Grenier",69.20555,-104.78194,10m,,,,,,,,,Dipnet,,,CBAY0020,July 21 2024
KBIMP_01_G12,D. Nowosad,1,Canada,Nunavut,Kitikmeot,CBAY,"Stream between 1st lake
 and Grenier",69.20555,-104.78194,10m,,,,,,,,,Dipnet,,,CBAY0020,July 21 2024
KBIMP_01_H1,D. Nowosad,1,Canada,Nunavut,Kitikmeot,CBAY,"Stream between 1st lake
 and Grenier",69.20555,-104.78194,10m,,,,,,,,,Dipnet,,,CBAY0020,July 21 2024
KBIMP_002_B1,D. Nowosad,1,Canada,Nunavut,Kitikmeot,CBAY,Between 1st lake and grenier,69.204444,-104.773889,,,,,,,,,,Surber net,,,CBAY0021,July 21 2024
KBIMP_01_H2,D. Nowosad,1,Canada,Nunavut,Kitikmeot,CBAY,Freshwater river by picnic area ,69.132486,-104.988703,,,,,,,,,,Dipnet,,,CBAY0029,July 24 2024
KBIMP_01_H3,D. Nowosad,1,Canada,Nunavut,Kitikmeot,CBAY,Freshwater river by picnic area ,69.132486,-104.988703,,,,,,,,,,Dipnet,,,CBAY0029,July 24 2024
KBIMP_01_H4,D. Nowosad,1,Canada,Nunavut,Kitikmeot,CBAY,Freshwater river by picnic area ,69.132486,-104.988703,,,,,,,,,,Dipnet,,,CBAY0029,July 24 2024
KBIMP_01_H5,D. Nowosad,1,Canada,Nunavut,Kitikmeot,CBAY,Freshwater river by picnic area ,69.132486,-104.988703,,,,,,,,,,Dipnet,,,CBAY0029,July 24 2024
KBIMP_01_H6,D. Nowosad,1,Canada,Nunavut,Kitikmeot,CBAY,Freshwater river by picnic area ,69.132486,-104.988703,,,,,,,,,,Dipnet,,,CBAY0029,July 24 2024
KBIMP_01_H7,D. Nowosad,1,Canada,Nunavut,Kitikmeot,CBAY,Freshwater river by picnic area ,69.132486,-104.988703,,,,,,,,,,Dipnet,,,CBAY0029,July 24 2024
KBIMP_01_H8,D. Nowosad,1,Canada,Nunavut,Kitikmeot,CBAY,Freshwater river by picnic area ,69.132486,-104.988703,,,,,,,,,,Dipnet,,,CBAY0029,July 24 2024
KBIMP_01_H9,D. Nowosad,1,Canada,Nunavut,Kitikmeot,CBAY,Freshwater river by picnic area ,69.132486,-104.988703,,,,,,,,,,Dipnet,,,CBAY0029,July 24 2024
KBIMP_01_H10,D. Nowosad,1,Canada,Nunavut,Kitikmeot,CBAY,Freshwater river by picnic area ,69.132486,-104.988703,,,,,,,,,,Dipnet,,,CBAY0029,July 24 2024
KBIMP_01_H11,D. Nowosad,1,Canada,Nunavut,Kitikmeot,CBAY,Freshwater river by picnic area ,69.132486,-104.988703,,,,,,,,,,Dipnet,,,CBAY0029,July 24 2024
KBIMP_002_A12,D. Nowosad,1,Canada,Nunavut,Kitikmeot,CBAY,Freshwater river by picnic area ,69.132438,-104.988833,,,,,,,,,,Surber net,,,CBAY0030,July 24 2024
KBIMP_002_B2,D. Nowosad,1,Canada,Nunavut,Kitikmeot,CBAY,Freshwater river by picnic area ,69.132438,-104.988833,,,,,,,,,,Surber net,,,CBAY0030,July 24 2024
KBIMP_002_B3,D. Nowosad,1,Canada,Nunavut,Kitikmeot,CBAY,Freshwater river by picnic area ,69.132438,-104.988833,,,,,,,,,,Surber net,,,CBAY0030,July 24 2024
KBIMP_002_B4,D. Nowosad,1,Canada,Nunavut,Kitikmeot,CBAY,Freshwater river by picnic area ,69.132438,-104.988833,,,,,,,,,,Surber net,,,CBAY0030,July 24 2024
KBIMP_002_B5,D. Nowosad,1,Canada,Nunavut,Kitikmeot,CBAY,Freshwater river by picnic area ,69.132438,-104.988833,,,,,,,,,,Surber net,,,CBAY0030,July 24 2024
KBIMP_002_B6,D. Nowosad,1,Canada,Nunavut,Kitikmeot,CBAY,Freshwater river by picnic area ,69.132438,-104.988833,,,,,,,,,,Surber net,,,CBAY0030,July 24 2024
KBIMP_002_B7,D. Nowosad,1,Canada,Nunavut,Kitikmeot,CBAY,Freshwater river by picnic area ,69.132438,-104.988833,,,,,,,,,,Surber net,,,CBAY0030,July 24 2024
KBIMP_002_B8,D. Nowosad,1,Canada,Nunavut,Kitikmeot,CBAY,Freshwater river by picnic area ,69.132438,-104.988833,,,,,,,,,,Surber net,,,CBAY0030,July 24 2024
KBIMP_002_B9,D. Nowosad,1,Canada,Nunavut,Kitikmeot,CBAY,Freshwater river by picnic area ,69.132438,-104.988833,,,,,,,,,,Surber net,,,CBAY0030,July 24 2024
KBIMP_002_B10,D. Nowosad,1,Canada,Nunavut,Kitikmeot,CBAY,Freshwater river by picnic area ,69.132438,-104.988833,,,,,,,,,,Surber net,,,CBAY0030,July 24 2024
KBIMP_002_B11,D. Nowosad,1,Canada,Nunavut,Kitikmeot,CBAY,Freshwater river by picnic area ,69.132438,-104.988833,,,,,,,,,,Surber net,,,CBAY0030,July 24 2024
KBIMP_002_F10,O. Colman,1,Canada,Nunavut,Kitikmeot,CBAY,Freshwater river by picnic area ,69.132231,-104.988717,,,,,,,,,,Sweep net,,,CBAY0028,July 24 2024
KBIMP_002_F11,O. Colman,1,Canada,Nunavut,Kitikmeot,CBAY,Freshwater river by picnic area ,69.132231,-104.988717,,,,,,,,,,Sweep net,,,CBAY0028,July 24 2024
KBIMP_004_G3,O. Colman,1,Canada,Nunavut,Kitikmeot,CBAY,Freshwater river ,69.120943,-105.042616,,,,,,,,,,Sweep net ,,,CBAY0040,July 24 2024
KBIMP_004_G4,O. Colman,1,Canada,Nunavut,Kitikmeot,CBAY,Freshwater river ,69.120943,-105.042616,,,,,,,,,,Sweep net ,,,CBAY0040,July 24 2024
KBIMP_004_G5,O. Colman,1,Canada,Nunavut,Kitikmeot,CBAY,Freshwater river ,69.120943,-105.042616,,,,,,,,,,Sweep net ,,,CBAY0040,July 24 2024
KBIMP_004_G6,O. Colman,1,Canada,Nunavut,Kitikmeot,CBAY,Freshwater river ,69.120943,-105.042616,,,,,,,,,,Sweep net ,,,CBAY0040,July 24 2024
KBIMP_004_G7,O. Colman,1,Canada,Nunavut,Kitikmeot,CBAY,Freshwater river ,69.120943,-105.042616,,,,,,,,,,Sweep net ,,,CBAY0040,July 24 2024
KBIMP_004_G8,O. Colman,1,Canada,Nunavut,Kitikmeot,CBAY,Freshwater river ,69.120943,-105.042616,,,,,,,,,,Sweep net ,,,CBAY0040,July 24 2024
KBIMP_004_G9,O. Colman,1,Canada,Nunavut,Kitikmeot,CBAY,Freshwater river ,69.120943,-105.042616,,,,,,,,,,Sweep net ,,,CBAY0040,July 24 2024
KBIMP_004_G10,O. Colman,1,Canada,Nunavut,Kitikmeot,CBAY,Freshwater river ,69.120943,-105.042616,,,,,,,,,,Sweep net ,,,CBAY0040,July 24 2024
KBIMP_004_G11,O. Colman,1,Canada,Nunavut,Kitikmeot,CBAY,Freshwater river ,69.120943,-105.042616,,,,,,,,,,Sweep net ,,,CBAY0040,July 24 2024
KBIMP_004_G12,O. Colman,1,Canada,Nunavut,Kitikmeot,CBAY,Freshwater river ,69.120943,-105.042616,,,,,,,,,,Sweep net ,,,CBAY0040,July 24 2024
KBIMP_004_H1,O. Colman,1,Canada,Nunavut,Kitikmeot,CBAY,Freshwater river ,69.120943,-105.042616,,,,,,,,,,Sweep net ,,,CBAY0040,July 24 2024
KBIMP_004_H2,O. Colman,1,Canada,Nunavut,Kitikmeot,CBAY,Freshwater river ,69.120943,-105.042616,,,,,,,,,,Sweep net ,,,CBAY0040,July 24 2024
KBIMP_004_H3,O. Colman,1,Canada,Nunavut,Kitikmeot,CBAY,Freshwater river ,69.120943,-105.042616,,,,,,,,,,Sweep net ,,,CBAY0040,July 24 2024
KBIMP_004_H4,O. Colman,1,Canada,Nunavut,Kitikmeot,CBAY,Freshwater river ,69.120943,-105.042616,,,,,,,,,,Sweep net ,,,CBAY0040,July 24 2024
KBIMP_004_H5,O. Colman,1,Canada,Nunavut,Kitikmeot,CBAY,Freshwater river ,69.120943,-105.042616,,,,,,,,,,Sweep net ,,,CBAY0040,July 24 2024
KBIMP_004_H6,O. Colman,1,Canada,Nunavut,Kitikmeot,CBAY,Freshwater river ,69.120943,-105.042616,,,,,,,,,,Sweep net ,,,CBAY0040,July 24 2024
KBIMP_004_H7,O. Colman,1,Canada,Nunavut,Kitikmeot,CBAY,Freshwater river ,69.120943,-105.042616,,,,,,,,,,Sweep net ,,,CBAY0040,July 24 2024
KBIMP_004_H8,O. Colman,1,Canada,Nunavut,Kitikmeot,CBAY,Freshwater river ,69.120943,-105.042616,,,,,,,,,,Sweep net ,,,CBAY0040,July 24 2024
KBIMP_004_H9,O. Colman,1,Canada,Nunavut,Kitikmeot,CBAY,Freshwater river ,69.120943,-105.042616,,,,,,,,,,Sweep net ,,,CBAY0040,July 24 2024
KBIMP_004_H10,O. Colman,1,Canada,Nunavut,Kitikmeot,CBAY,Freshwater river ,69.120943,-105.042616,,,,,,,,,,Sweep net ,,,CBAY0040,July 24 2024
KBIMP-_007_C4,B. Taptuna ,1,Canada,Nunavut,Kitikmeot,KGLTK,other side of heart lake,67 48.2870,115 13.9394,,,,,,,,,,,,,KGLTK0020,24-Jul-25
KBIMP-_007_C5,B. Taptuna ,1,Canada,Nunavut,Kitikmeot,KGLTK,other side of heart lake,67 48.2870,115 13.9394,,,,,,,,,,,,,KGLTK0020,24-Jul-25
KBIMP_01_A1,D. Nowosad,1,Canada,Nunavut,Kitikmeot,CBAY,DEW Line Rd,69.158318,105.190284,24m,,,,,,,,,Dipnet,,,CBAY0037,July 25 2024
KBIMP_01_A2,D. Nowosad,1,Canada,Nunavut,Kitikmeot,CBAY,DEW Line Rd,69.158318,105.190284,24m,,,,,,,,,Dipnet,,,CBAY0037,July 25 2024
KBIMP_01_A3,D. Nowosad,1,Canada,Nunavut,Kitikmeot,CBAY,DEW Line Rd,69.158318,105.190284,24m,,,,,,,,,Dipnet,,,CBAY0037,July 25 2024
KBIMP_01_A4,D. Nowosad,1,Canada,Nunavut,Kitikmeot,CBAY,DEW Line Rd,69.158318,105.190284,24m,,,,,,,,,Dipnet,,,CBAY0037,July 25 2024
KBIMP_01_A5,D. Nowosad,1,Canada,Nunavut,Kitikmeot,CBAY,DEW Line Rd,69.158318,105.190284,24m,,,,,,,,,Dipnet,,,CBAY0037,July 25 2024
KBIMP_01_A6,D. Nowosad,1,Canada,Nunavut,Kitikmeot,CBAY,DEW Line Rd,69.158318,105.190284,24m,,,,,,,,,Dipnet,,,CBAY0037,July 25 2024
KBIMP_01_A7,D. Nowosad,1,Canada,Nunavut,Kitikmeot,CBAY,DEW Line Rd,69.158318,105.190284,24m,,,,,,,,,Dipnet,,,CBAY0037,July 25 2024
KBIMP_01_A8,D. Nowosad,1,Canada,Nunavut,Kitikmeot,CBAY,DEW Line Rd,69.158318,105.190284,24m,,,,,,,,,Dipnet,,,CBAY0037,July 25 2024
KBIMP_01_A9,D. Nowosad,1,Canada,Nunavut,Kitikmeot,CBAY,DEW Line Rd,69.158318,105.190284,24m,,,,,,,,,Dipnet,,,CBAY0037,July 25 2024
KBIMP_01_A10,D. Nowosad,1,Canada,Nunavut,Kitikmeot,CBAY,DEW Line Rd,69.158318,105.190284,24m,,,,,,,,,Dipnet,,,CBAY0037,July 25 2024
KBIMP_01_A11,D. Nowosad,1,Canada,Nunavut,Kitikmeot,CBAY,DEW Line Rd,69.158318,105.190284,24m,,,,,,,,,Dipnet,,,CBAY0037,July 25 2024
KBIMP_01_A12,D. Nowosad,1,Canada,Nunavut,Kitikmeot,CBAY,DEW Line Rd,69.158318,105.190284,24m,,,,,,,,,Dipnet,,,CBAY0037,July 25 2024
KBIMP_01_B1,D. Nowosad,1,Canada,Nunavut,Kitikmeot,CBAY,DEW Line Rd,69.158318,105.190284,24m,,,,,,,,,Dipnet,,,CBAY0037,July 25 2024
KBIMP_01_B2,D. Nowosad,1,Canada,Nunavut,Kitikmeot,CBAY,DEW Line Rd,69.158318,105.190284,24m,,,,,,,,,Dipnet,,,CBAY0037,July 25 2024
KBIMP_01_B3,D. Nowosad,1,Canada,Nunavut,Kitikmeot,CBAY,DEW Line Rd,69.158318,105.190284,24m,,,,,,,,,Dipnet,,,CBAY0037,July 25 2024
KBIMP_01_B4,D. Nowosad,1,Canada,Nunavut,Kitikmeot,CBAY,DEW Line Rd,69.158318,105.190284,24m,,,,,,,,,Dipnet,,,CBAY0037,July 25 2024
KBIMP_01_B5,D. Nowosad,1,Canada,Nunavut,Kitikmeot,CBAY,DEW Line Rd,69.158318,105.190284,24m,,,,,,,,,Dipnet,,,CBAY0037,July 25 2024
KBIMP_01_B6,D. Nowosad,1,Canada,Nunavut,Kitikmeot,CBAY,DEW Line Rd,69.158318,105.190284,24m,,,,,,,,,Dipnet,,,CBAY0037,July 25 2024
KBIMP_01_B7,D. Nowosad,1,Canada,Nunavut,Kitikmeot,CBAY,DEW Line Rd,69.158318,105.190284,24m,,,,,,,,,Dipnet,,,CBAY0037,July 25 2024
KBIMP_01_B8,D. Nowosad,1,Canada,Nunavut,Kitikmeot,CBAY,DEW Line Rd,69.158318,105.190284,24m,,,,,,,,,Dipnet,,,CBAY0037,July 25 2024
KBIMP_01_B9,D. Nowosad,1,Canada,Nunavut,Kitikmeot,CBAY,DEW Line Rd,69.158318,105.190284,24m,,,,,,,,,Dipnet,,,CBAY0037,July 25 2024
KBIMP_01_B10,D. Nowosad,1,Canada,Nunavut,Kitikmeot,CBAY,DEW Line Rd,69.158318,105.190284,24m,,,,,,,,,Dipnet,,,CBAY0037,July 25 2024
KBIMP_01_B11,D. Nowosad,1,Canada,Nunavut,Kitikmeot,CBAY,DEW Line Rd,69.158318,105.190284,24m,,,,,,,,,Dipnet,,,CBAY0037,July 25 2024
KBIMP_01_B12,D. Nowosad,1,Canada,Nunavut,Kitikmeot,CBAY,DEW Line Rd,69.158318,105.190284,24m,,,,,,,,,Dipnet,,,CBAY0037,July 25 2024
KBIMP_01_C1,D. Nowosad,1,Canada,Nunavut,Kitikmeot,CBAY,DEW Line Rd,69.158318,105.190284,24m,,,,,,,,,Dipnet,,,CBAY0037,July 25 2024
KBIMP_01_C2,D. Nowosad,1,Canada,Nunavut,Kitikmeot,CBAY,DEW Line Rd,69.158318,105.190284,24m,,,,,,,,,Dipnet,,,CBAY0037,July 25 2024
KBIMP_01_C3,D. Nowosad,1,Canada,Nunavut,Kitikmeot,CBAY,DEW Line Rd,69.158318,105.190284,24m,,,,,,,,,Dipnet,,,CBAY0037,July 25 2024
KBIMP_01_C4,D. Nowosad,1,Canada,Nunavut,Kitikmeot,CBAY,DEW Line Rd,69.158318,105.190284,24m,,,,,,,,,Dipnet,,,CBAY0037,July 25 2024
KBIMP_01_C5,D. Nowosad,1,Canada,Nunavut,Kitikmeot,CBAY,DEW Line Rd,69.158318,105.190284,24m,,,,,,,,,Dipnet,,,CBAY0037,July 25 2024
KBIMP_01_C6,D. Nowosad,1,Canada,Nunavut,Kitikmeot,CBAY,DEW Line Rd,69.158318,105.190284,24m,,,,,,,,,Dipnet,,,CBAY0037,July 25 2024
KBIMP_01_C7,D. Nowosad,1,Canada,Nunavut,Kitikmeot,CBAY,DEW Line Rd,69.158318,105.190284,24m,,,,,,,,,Dipnet,,,CBAY0037,July 25 2024
KBIMP_01_C8,D. Nowosad,1,Canada,Nunavut,Kitikmeot,CBAY,DEW Line Rd,69.158318,105.190284,24m,,,,,,,,,Dipnet,,,CBAY0037,July 25 2024
KBIMP_01_C9,D. Nowosad,1,Canada,Nunavut,Kitikmeot,CBAY,DEW Line Rd,69.158318,105.190284,24m,,,,,,,,,Dipnet,,,CBAY0037,July 25 2024
KBIMP_01_C10,D. Nowosad,1,Canada,Nunavut,Kitikmeot,CBAY,DEW Line Rd,69.158318,105.190284,24m,,,,,,,,,Dipnet,,,CBAY0037,July 25 2024
KBIMP_01_C11,D. Nowosad,1,Canada,Nunavut,Kitikmeot,CBAY,DEW Line Rd,69.158318,105.190284,24m,,,,,,,,,Dipnet,,,CBAY0037,July 25 2024
KBIMP_01_C12,D. Nowosad,1,Canada,Nunavut,Kitikmeot,CBAY,DEW Line Rd,69.158318,105.190284,24m,,,,,,,,,Dipnet,,,CBAY0037,July 25 2024
KBIMP_01_D1,D. Nowosad,1,Canada,Nunavut,Kitikmeot,CBAY,DEW Line Rd,69.158318,105.190284,24m,,,,,,,,,Dipnet,,,CBAY0037,July 25 2024
KBIMP_01_D2,D. Nowosad,1,Canada,Nunavut,Kitikmeot,CBAY,DEW Line Rd,69.158318,105.190284,24m,,,,,,,,,Dipnet,,,CBAY0037,July 25 2024
KBIMP_01_D3,D. Nowosad,1,Canada,Nunavut,Kitikmeot,CBAY,DEW Line Rd,69.158318,105.190284,24m,,,,,,,,,Dipnet,,,CBAY0037,July 25 2024
KBIMP_01_D4,D. Nowosad,1,Canada,Nunavut,Kitikmeot,CBAY,DEW Line Rd,69.158318,105.190284,24m,,,,,,,,,Dipnet,,,CBAY0037,July 25 2024
KBIMP_01_D5,D. Nowosad,1,Canada,Nunavut,Kitikmeot,CBAY,DEW Line Rd,69.158318,105.190284,24m,,,,,,,,,Dipnet,,,CBAY0037,July 25 2024
KBIMP_01_D6,D. Nowosad,1,Canada,Nunavut,Kitikmeot,CBAY,DEW Line Rd,69.158318,105.190284,24m,,,,,,,,,Dipnet,,,CBAY0037,July 25 2024
KBIMP_01_D7,D. Nowosad,1,Canada,Nunavut,Kitikmeot,CBAY,DEW Line Rd,69.158318,105.190284,24m,,,,,,,,,Dipnet,,,CBAY0037,July 25 2024
KBIMP_01_D8,D. Nowosad,1,Canada,Nunavut,Kitikmeot,CBAY,DEW Line Rd,69.158318,105.190284,24m,,,,,,,,,Dipnet,,,CBAY0037,July 25 2024
KBIMP_01_D9,D. Nowosad,1,Canada,Nunavut,Kitikmeot,CBAY,DEW Line Rd,69.158318,105.190284,24m,,,,,,,,,Dipnet,,,CBAY0037,July 25 2024
KBIMP_01_D10,D. Nowosad,1,Canada,Nunavut,Kitikmeot,CBAY,DEW Line Rd,69.158318,105.190284,24m,,,,,,,,,Dipnet,,,CBAY0037,July 25 2024
KBIMP_01_D11,D. Nowosad,1,Canada,Nunavut,Kitikmeot,CBAY,DEW Line Rd,69.158318,105.190284,24m,,,,,,,,,Dipnet,,,CBAY0037,July 25 2024
KBIMP_01_D12,D. Nowosad,1,Canada,Nunavut,Kitikmeot,CBAY,DEW Line Rd,69.158318,105.190284,24m,,,,,,,,,Dipnet,,,CBAY0037,July 25 2024
KBIMP_01_E1,D. Nowosad,1,Canada,Nunavut,Kitikmeot,CBAY,DEW Line Rd,69.158318,105.190284,24m,,,,,,,,,Dipnet,,,CBAY0037,July 25 2024
KBIMP_01_E2,D. Nowosad,1,Canada,Nunavut,Kitikmeot,CBAY,DEW Line Rd,69.158318,105.190284,24m,,,,,,,,,Dipnet,,,CBAY0037,July 25 2024
KBIMP_01_E3,D. Nowosad,1,Canada,Nunavut,Kitikmeot,CBAY,DEW Line Rd,69.158318,105.190284,24m,,,,,,,,,Dipnet,,,CBAY0037,July 25 2024
KBIMP_01_E4,D. Nowosad,1,Canada,Nunavut,Kitikmeot,CBAY,DEW Line Rd,69.158318,105.190284,24m,,,,,,,,,Dipnet,,,CBAY0037,July 25 2024
KBIMP_01_E5,D. Nowosad,1,Canada,Nunavut,Kitikmeot,CBAY,DEW Line Rd,69.158318,105.190284,24m,,,,,,,,,Dipnet,,,CBAY0037,July 25 2024
KBIMP_01_E6,D. Nowosad,1,Canada,Nunavut,Kitikmeot,CBAY,DEW Line Rd,69.158318,105.190284,24m,,,,,,,,,Dipnet,,,CBAY0037,July 25 2024
KBIMP_01_E7,D. Nowosad,1,Canada,Nunavut,Kitikmeot,CBAY,DEW Line Rd,69.158318,105.190284,24m,,,,,,,,,Dipnet,,,CBAY0037,July 25 2024
KBIMP_01_E8,D. Nowosad,1,Canada,Nunavut,Kitikmeot,CBAY,DEW Line Rd,69.158318,105.190284,24m,,,,,,,,,Dipnet,,,CBAY0037,July 25 2024
KBIMP_01_E9,D. Nowosad,1,Canada,Nunavut,Kitikmeot,CBAY,DEW Line Rd,69.158318,105.190284,24m,,,,,,,,,Dipnet,,,CBAY0037,July 25 2024
KBIMP_01_E10,D. Nowosad,1,Canada,Nunavut,Kitikmeot,CBAY,DEW Line Rd,69.158318,105.190284,24m,,,,,,,,,Dipnet,,,CBAY0037,July 25 2024
KBIMP_01_E11,D. Nowosad,1,Canada,Nunavut,Kitikmeot,CBAY,DEW Line Rd,69.158318,105.190284,24m,,,,,,,,,Dipnet,,,CBAY0037,July 25 2024
KBIMP_01_E12,D. Nowosad,1,Canada,Nunavut,Kitikmeot,CBAY,DEW Line Rd,69.158318,105.190284,24m,,,,,,,,,Dipnet,,,CBAY0037,July 25 2024
KBIMP_01_F1,D. Nowosad,1,Canada,Nunavut,Kitikmeot,CBAY,DEW Line Rd,69.158318,105.190284,24m,,,,,,,,,Dipnet,,,CBAY0037,July 25 2024
KBIMP_01_F2,D. Nowosad,1,Canada,Nunavut,Kitikmeot,CBAY,DEW Line Rd,69.158318,105.190284,24m,,,,,,,,,Dipnet,,,CBAY0037,July 25 2024
KBIMP_01_F3,D. Nowosad,1,Canada,Nunavut,Kitikmeot,CBAY,DEW Line Rd,69.158318,105.190284,24m,,,,,,,,,Dipnet,,,CBAY0037,July 25 2024
KBIMP_01_F4,D. Nowosad,1,Canada,Nunavut,Kitikmeot,CBAY,DEW Line Rd,69.158318,105.190284,24m,,,,,,,,,Dipnet,,,CBAY0037,July 25 2024
KBIMP_01_F5,D. Nowosad,1,Canada,Nunavut,Kitikmeot,CBAY,DEW Line Rd,69.158318,105.190284,24m,,,,,,,,,Dipnet,,,CBAY0037,July 25 2024
KBIMP_01_F6,D. Nowosad,1,Canada,Nunavut,Kitikmeot,CBAY,DEW Line Rd,69.158318,105.190284,24m,,,,,,,,,Dipnet,,,CBAY0037,July 25 2024
KBIMP_01_F7,D. Nowosad,1,Canada,Nunavut,Kitikmeot,CBAY,DEW Line Rd,69.158318,105.190284,24m,,,,,,,,,Dipnet,,,CBAY0037,July 25 2024
KBIMP_01_F8,D. Nowosad,1,Canada,Nunavut,Kitikmeot,CBAY,DEW Line Rd,69.158318,105.190284,24m,,,,,,,,,Dipnet,,,CBAY0037,July 25 2024
KBIMP_01_F9,D. Nowosad,1,Canada,Nunavut,Kitikmeot,CBAY,DEW Line Rd,69.158318,105.190284,24m,,,,,,,,,Dipnet,,,CBAY0020,July 25 2024
KBIMP_01_G1,D. Nowosad,1,Canada,Nunavut,Kitikmeot,CBAY,DEW Line Rd,69.158318,105.190284,24m,,,,,,,,,Dipnet,,,CBAY0037,July 25 2024
KBIMP_002_D8,O. Colman,1,Canada,Nunavut,Kitikmeot,CBAY,DEW Line Rd,69.13247,-104.988683,,,,,,,,,,Sweep net,,,CBAY0022,July 25 2024
KBIMP_002_D9,O. Colman,1,Canada,Nunavut,Kitikmeot,CBAY,DEW Line Rd,69.13247,-104.988683,,,,,,,,,,Sweep net,,,CBAY0022,July 25 2024
KBIMP_002_D10,O. Colman,1,Canada,Nunavut,Kitikmeot,CBAY,DEW Line Rd,69.13247,-104.988683,,,,,,,,,,Sweep net,,,CBAY0022,July 25 2024
KBIMP_002_D11,O. Colman,1,Canada,Nunavut,Kitikmeot,CBAY,DEW Line Rd,69.13247,-104.988683,,,,,,,,,,Sweep net,,,CBAY0022,July 25 2024
KBIMP_002_D12,O. Colman,1,Canada,Nunavut,Kitikmeot,CBAY,DEW Line Rd,69.13247,-104.988683,,,,,,,,,,Sweep net,,,CBAY0022,July 25 2024
KBIMP_002_E1,O. Colman,1,Canada,Nunavut,Kitikmeot,CBAY,DEW Line Rd,69.13247,-104.988683,,,,,,,,,,Sweep net,,,CBAY0022,July 25 2024
KBIMP_002_E2,O. Colman,1,Canada,Nunavut,Kitikmeot,CBAY,DEW Line Rd,69.13247,-104.988683,,,,,,,,,,Sweep net,,,CBAY0022,July 25 2024
KBIMP_002_E3,O. Colman,1,Canada,Nunavut,Kitikmeot,CBAY,DEW Line Rd,69.13247,-104.988683,,,,,,,,,,Sweep net,,,CBAY0022,July 25 2024
KBIMP_002_E4,O. Colman,1,Canada,Nunavut,Kitikmeot,CBAY,DEW Line Rd,69.13247,-104.988683,,,,,,,,,,Sweep net,,,CBAY0022,July 25 2024
KBIMP_002_E5,O. Colman,1,Canada,Nunavut,Kitikmeot,CBAY,DEW Line Rd,69.13247,-104.988683,,,,,,,,,,Sweep net,,,CBAY0022,July 25 2024
KBIMP_002_E6,O. Colman,1,Canada,Nunavut,Kitikmeot,CBAY,1st creek/the ravine,69.132925,-105.461572,,,,,,,,,,Sweep net,,,CBAY0036,July 25 2024
KBIMP_002_E7,O. Colman,1,Canada,Nunavut,Kitikmeot,CBAY,1st creek/the ravine,69.132925,-105.461572,,,,,,,,,,Sweep net,,,CBAY0036,July 25 2024
KBIMP_002_E8,O. Colman,1,Canada,Nunavut,Kitikmeot,CBAY,1st creek/the ravine,69.132925,-105.461572,,,,,,,,,,Sweep net,,,CBAY0036,July 25 2024
KBIMP_002_E9,O. Colman,1,Canada,Nunavut,Kitikmeot,CBAY,1st creek/the ravine,69.132925,-105.461572,,,,,,,,,,Sweep net,,,CBAY0036,July 25 2024
KBIMP_002_E10,O. Colman,1,Canada,Nunavut,Kitikmeot,CBAY,1st creek/the ravine,69.132925,-105.461572,,,,,,,,,,Sweep net,,,CBAY0036,July 25 2024
KBIMP_002_E11,O. Colman,1,Canada,Nunavut,Kitikmeot,CBAY,1st creek/the ravine,69.132925,-105.461572,,,,,,,,,,Sweep net,,,CBAY0036,July 25 2024
KBIMP_002_E12,O. Colman,1,Canada,Nunavut,Kitikmeot,CBAY,1st creek/the ravine,69.132925,-105.461572,,,,,,,,,,Sweep net,,,CBAY0036,July 25 2024
KBIMP_002_F1,O. Colman,1,Canada,Nunavut,Kitikmeot,CBAY,1st creek/the ravine,69.132925,-105.461572,,,,,,,,,,Sweep net,,,CBAY0036,July 25 2024
KBIMP_002_F2,O. Colman,1,Canada,Nunavut,Kitikmeot,CBAY,1st creek/the ravine,69.132925,-105.461572,,,,,,,,,,Sweep net,,,CBAY0036,July 25 2024
KBIMP_002_F3,O. Colman,1,Canada,Nunavut,Kitikmeot,CBAY,1st creek/the ravine,69.132925,-105.461572,,,,,,,,,,Sweep net,,,CBAY0036,July 25 2024
KBIMP_002_F4,O. Colman,1,Canada,Nunavut,Kitikmeot,CBAY,1st creek/the ravine,69.132925,-105.461572,,,,,,,,,,Sweep net,,,CBAY0036,July 25 2024
KBIMP_002_F5,O. Colman,1,Canada,Nunavut,Kitikmeot,CBAY,1st creek/the ravine,69.132925,-105.461572,,,,,,,,,,Sweep net,,,CBAY0036,July 25 2024
KBIMP_002_F6,O. Colman,1,Canada,Nunavut,Kitikmeot,CBAY,1st creek/the ravine,69.132925,-105.461572,,,,,,,,,,Sweep net,,,CBAY0036,July 25 2024
KBIMP_002_F7,O. Colman,1,Canada,Nunavut,Kitikmeot,CBAY,1st creek/the ravine,69.132925,-105.461572,,,,,,,,,,Sweep net,,,CBAY0036,July 25 2024
KBIMP_002_F8,O. Colman,1,Canada,Nunavut,Kitikmeot,CBAY,1st creek/the ravine,69.132925,-105.461572,,,,,,,,,,Sweep net,,,CBAY0036,July 25 2024
KBIMP_002_F9,O. Colman,1,Canada,Nunavut,Kitikmeot,CBAY,1st creek/the ravine,69.132925,-105.461572,,,,,,,,,,Sweep net,,,CBAY0036,July 25 2024
KBIMP_003_D5,O. Colman,1,Canada,Nunavut,Kitikmeot,CBAY,1st creek/the ravine,69.132925,-105.461572,,,,,,,,,,Sweep net,,,CBAY0036,July 25 2024
KBIMP_003_D6,O. Colman,1,Canada,Nunavut,Kitikmeot,CBAY,1st creek/the ravine,69.132925,-105.461572,,,,,,,,,,Sweep net,,,CBAY0036,July 25 2024
KBIMP_003_D7,O. Colman,1,Canada,Nunavut,Kitikmeot,CBAY,1st creek/the ravine,69.132925,-105.461572,,,,,,,,,,Sweep net,,,CBAY0036,July 25 2024
KBIMP_003_D8,O. Colman,1,Canada,Nunavut,Kitikmeot,CBAY,1st creek/the ravine,69.132925,-105.461572,,,,,,,,,,Sweep net,,,CBAY0036,July 25 2024
KBIMP_003_D9,O. Colman,1,Canada,Nunavut,Kitikmeot,CBAY,1st creek/the ravine,69.132925,-105.461572,,,,,,,,,,Sweep net,,,CBAY0036,July 25 2024
KBIMP_003_D10,O. Colman,1,Canada,Nunavut,Kitikmeot,CBAY,1st creek/the ravine,69.132925,-105.461572,,,,,,,,,,Sweep net,,,CBAY0036,July 25 2024
KBIMP_003_D11,O. Colman,1,Canada,Nunavut,Kitikmeot,CBAY,1st creek/the ravine,69.132925,-105.461572,,,,,,,,,,Sweep net,,,CBAY0036,July 25 2024
KBIMP_003_D12,O. Colman,1,Canada,Nunavut,Kitikmeot,CBAY,1st creek/the ravine,69.132925,-105.461572,,,,,,,,,,Sweep net,,,CBAY0036,July 25 2024
KBIMP_003_E1,O. Colman,1,Canada,Nunavut,Kitikmeot,CBAY,1st creek/the ravine,69.132925,-105.461572,,,,,,,,,,Sweep net,,,CBAY0036,July 25 2024
KBIMP_003_E2,O. Colman,1,Canada,Nunavut,Kitikmeot,CBAY,1st creek/the ravine,69.132925,-105.461572,,,,,,,,,,Sweep net,,,CBAY0036,July 25 2024
KBIMP_003_E3,O. Colman,1,Canada,Nunavut,Kitikmeot,CBAY,1st creek/the ravine,69.132925,-105.461572,,,,,,,,,,Sweep net,,,CBAY0036,July 25 2024
KBIMP_003_E4,O. Colman,1,Canada,Nunavut,Kitikmeot,CBAY,1st creek/the ravine,69.132925,-105.461572,,,,,,,,,,Sweep net,,,CBAY0036,July 25 2024
KBIMP_002_A1,D. Nowosad,2,Canada,Nunavut,Kitikmeot,CBAY,Freshwater river  ,69.112595,-105.010236,,,,,,,,,,Dipnet,,,CBAY0026,July 28 2024
KBIMP_002_A2,D. Nowosad,2,Canada,Nunavut,Kitikmeot,CBAY,Freshwater river  ,69.112595,-105.010236,,,,,,,,,,Dipnet,,,CBAY0026,July 28 2024
KBIMP_002_A3,D. Nowosad,2,Canada,Nunavut,Kitikmeot,CBAY,Freshwater river  ,69.112595,-105.010236,,,,,,,,,,Dipnet,,,CBAY0026,July 28 2024
KBIMP_002_A4,D. Nowosad,2,Canada,Nunavut,Kitikmeot,CBAY,Freshwater river  ,69.112595,-105.010236,,,,,,,,,,Dipnet,,,CBAY0026,July 28 2024
KBIMP_002_A5,D. Nowosad,2,Canada,Nunavut,Kitikmeot,CBAY,Freshwater river  ,69.112595,-105.010236,,,,,,,,,,Dipnet,,,CBAY0026,July 28 2024
KBIMP_002_A6,D. Nowosad,2,Canada,Nunavut,Kitikmeot,CBAY,Freshwater river  ,69.112595,-105.010236,,,,,,,,,,Dipnet,,,CBAY0026,July 28 2024
KBIMP_002_A7,D. Nowosad,2,Canada,Nunavut,Kitikmeot,CBAY,Freshwater river  ,69.112595,-105.010236,,,,,,,,,,Dipnet,,,CBAY0026,July 28 2024
KBIMP_002_A8,D. Nowosad,2,Canada,Nunavut,Kitikmeot,CBAY,Freshwater river  ,69.112595,-105.010236,,,,,,,,,,Dipnet,,,CBAY0026,July 28 2024
KBIMP_002_A9,D. Nowosad,2,Canada,Nunavut,Kitikmeot,CBAY,Freshwater river  ,69.112595,-105.010236,,,,,,,,,,Dipnet,,,CBAY0026,July 28 2024
KBIMP_002_A10,D. Nowosad,2,Canada,Nunavut,Kitikmeot,CBAY,Freshwater river  ,69.112595,-105.010236,,,,,,,,,,Dipnet,,,CBAY0026,July 28 2024
KBIMP_002_A11,D. Nowosad,2,Canada,Nunavut,Kitikmeot,CBAY,Freshwater river  ,69.112595,-105.010236,,,,,,,,,,Dipnet,,,CBAY0026,July 28 2024
KBIMP_004_E12,O. Colman,2,Canada,Nunavut,Kitikmeot,CBAY,Freshwater river ,69.130466,-104.996363,,,,,,,,,,Sweep net ,,,CBAY0039,July 28 2024
KBIMP_004_F1,O. Colman,2,Canada,Nunavut,Kitikmeot,CBAY,Freshwater river ,69.130466,-104.996363,,,,,,,,,,Sweep net ,,,CBAY0039,July 28 2024
KBIMP_004_F2,O. Colman,2,Canada,Nunavut,Kitikmeot,CBAY,Freshwater river ,69.130466,-104.996363,,,,,,,,,,Sweep net ,,,CBAY0039,July 28 2024
KBIMP_004_F3,O. Colman,2,Canada,Nunavut,Kitikmeot,CBAY,Freshwater river ,69.130466,-104.996363,,,,,,,,,,Sweep net ,,,CBAY0039,July 28 2024
KBIMP_004_F4,O. Colman,2,Canada,Nunavut,Kitikmeot,CBAY,Freshwater river ,69.130466,-104.996363,,,,,,,,,,Sweep net ,,,CBAY0039,July 28 2024
KBIMP_004_F5,O. Colman,2,Canada,Nunavut,Kitikmeot,CBAY,Freshwater river ,69.130466,-104.996363,,,,,,,,,,Sweep net ,,,CBAY0039,July 28 2024
KBIMP_004_F6,O. Colman,2,Canada,Nunavut,Kitikmeot,CBAY,Freshwater river ,69.130466,-104.996363,,,,,,,,,,Sweep net ,,,CBAY0039,July 28 2024
KBIMP_004_F7,O. Colman,2,Canada,Nunavut,Kitikmeot,CBAY,Freshwater river ,69.130466,-104.996363,,,,,,,,,,Sweep net ,,,CBAY0039,July 28 2024
KBIMP_004_F8,O. Colman,2,Canada,Nunavut,Kitikmeot,CBAY,Freshwater river ,69.130466,-104.996363,,,,,,,,,,Sweep net ,,,CBAY0039,July 28 2024
KBIMP_004_F9,O. Colman,2,Canada,Nunavut,Kitikmeot,CBAY,Freshwater river ,69.130466,-104.996363,,,,,,,,,,Sweep net ,,,CBAY0039,July 28 2024
KBIMP_004_F10,O. Colman,2,Canada,Nunavut,Kitikmeot,CBAY,Freshwater river ,69.130466,-104.996363,,,,,,,,,,Sweep net ,,,CBAY0039,July 28 2024
KBIMP_004_F11,O. Colman,2,Canada,Nunavut,Kitikmeot,CBAY,Freshwater river ,69.130466,-104.996363,,,,,,,,,,Sweep net ,,,CBAY0039,July 28 2024
KBIMP_004_F12,O. Colman,2,Canada,Nunavut,Kitikmeot,CBAY,Freshwater river ,69.130466,-104.996363,,,,,,,,,,Sweep net ,,,CBAY0039,July 28 2024
KBIMP_004_G1,O. Colman,2,Canada,Nunavut,Kitikmeot,CBAY,Freshwater river ,69.130466,-104.996363,,,,,,,,,,Sweep net ,,,CBAY0039,July 28 2024
KBIMP_004_G2,O. Colman,2,Canada,Nunavut,Kitikmeot,CBAY,Freshwater river ,69.130466,-104.996363,,,,,,,,,,Sweep net ,,,CBAY0039,July 28 2024
KBIMP-_005_C1,D. Nowosad,2,Canada,Nunavut,Kitikmeot,CBAY,Inland area,69.134216,-104.989923,,,,,,,,,,Sweep net,,,CBAY0033,July 28 2024
KBIMP-_005_C2,D. Nowosad,2,Canada,Nunavut,Kitikmeot,CBAY,Inland area,69.134216,-104.989923,,,,,,,,,,Sweep net,,,CBAY0033,July 28 2024
KBIMP-_005_C3,D. Nowosad,2,Canada,Nunavut,Kitikmeot,CBAY,Inland area,69.134216,-104.989923,,,,,,,,,,Sweep net,,,CBAY0033,July 28 2024
KBIMP-_005_C4,D. Nowosad,2,Canada,Nunavut,Kitikmeot,CBAY,Inland area,69.134216,-104.989923,,,,,,,,,,Sweep net,,,CBAY0033,July 28 2024
KBIMP-_005_C5,D. Nowosad,2,Canada,Nunavut,Kitikmeot,CBAY,Inland area,69.134216,-104.989923,,,,,,,,,,Sweep net,,,CBAY0033,July 28 2024
KBIMP-_005_C6,D. Nowosad,2,Canada,Nunavut,Kitikmeot,CBAY,Inland area,69.134216,-104.989923,,,,,,,,,,Sweep net,,,CBAY0033,July 28 2024
KBIMP-_005_C7,D. Nowosad,2,Canada,Nunavut,Kitikmeot,CBAY,Inland area,69.134216,-104.989923,,,,,,,,,,Sweep net,,,CBAY0033,July 28 2024
KBIMP-_005_C8,D. Nowosad,2,Canada,Nunavut,Kitikmeot,CBAY,Inland area,69.134216,-104.989923,,,,,,,,,,Sweep net,,,CBAY0033,July 28 2024
KBIMP-_005_C9,D. Nowosad,2,Canada,Nunavut,Kitikmeot,CBAY,Inland area,69.134216,-104.989923,,,,,,,,,,Sweep net,,,CBAY0033,July 28 2024
KBIMP-_005_C10,D. Nowosad,2,Canada,Nunavut,Kitikmeot,CBAY,Inland area,69.134216,-104.989923,,,,,,,,,,Sweep net,,,CBAY0033,July 28 2024
KBIMP-_005_C11,D. Nowosad,2,Canada,Nunavut,Kitikmeot,CBAY,Inland area,69.134216,-104.989923,,,,,,,,,,Sweep net,,,CBAY0033,July 28 2024
KBIMP-_006_D7,O. Colman,2,Canada,Nunavut,Kitikmeot,CBAY,DEW Line Rd,69.11926,-105.127426,,,,,,,,,,Sweep net,,,CBAY0032,July 28 2024
KBIMP-_006_D8,O. Colman,2,Canada,Nunavut,Kitikmeot,CBAY,DEW Line Rd,69.11926,-105.127426,,,,,,,,,,Sweep net,,,CBAY0032,July 28 2024
KBIMP-_006_D9,O. Colman,2,Canada,Nunavut,Kitikmeot,CBAY,DEW Line Rd,69.11926,-105.127426,,,,,,,,,,Sweep net,,,CBAY0032,July 28 2024
KBIMP-_006_D10,O. Colman,2,Canada,Nunavut,Kitikmeot,CBAY,DEW Line Rd,69.11926,-105.127426,,,,,,,,,,Sweep net,,,CBAY0032,July 28 2024
KBIMP-_006_D11,O. Colman,2,Canada,Nunavut,Kitikmeot,CBAY,DEW Line Rd,69.11926,-105.127426,,,,,,,,,,Sweep net,,,CBAY0032,July 28 2024
KBIMP-_006_D12,O. Colman,2,Canada,Nunavut,Kitikmeot,CBAY,DEW Line Rd,69.11926,-105.127426,,,,,,,,,,Sweep net,,,CBAY0032,July 28 2024
KBIMP-_006_E1,O. Colman,2,Canada,Nunavut,Kitikmeot,CBAY,DEW Line Rd,69.11926,-105.127426,,,,,,,,,,Sweep net,,,CBAY0032,July 28 2024
KBIMP-_006_E2,O. Colman,2,Canada,Nunavut,Kitikmeot,CBAY,DEW Line Rd,69.11926,-105.127426,,,,,,,,,,Sweep net,,,CBAY0032,July 28 2024
KBIMP-_006_E3,O. Colman,2,Canada,Nunavut,Kitikmeot,CBAY,DEW Line Rd,69.11926,-105.127426,,,,,,,,,,Sweep net,,,CBAY0032,July 28 2024
KBIMP-_006_E4,O. Colman,2,Canada,Nunavut,Kitikmeot,CBAY,DEW Line Rd,69.11926,-105.127426,,,,,,,,,,Sweep net,,,CBAY0032,July 28 2024
KBIMP-_006_E5,O. Colman,2,Canada,Nunavut,Kitikmeot,CBAY,DEW Line Rd,69.11926,-105.127426,,,,,,,,,,Sweep net,,,CBAY0032,July 28 2024
KBIMP-_006_E6,O. Colman,2,Canada,Nunavut,Kitikmeot,CBAY,DEW Line Rd,69.11926,-105.127426,,,,,,,,,,Sweep net,,,CBAY0032,July 28 2024
KBIMP-_006_E7,O. Colman,2,Canada,Nunavut,Kitikmeot,CBAY,DEW Line Rd,69.11926,-105.127426,,,,,,,,,,Sweep net,,,CBAY0032,July 28 2024
KBIMP-_006_E8,O. Colman,2,Canada,Nunavut,Kitikmeot,CBAY,DEW Line Rd,69.11926,-105.127426,,,,,,,,,,Sweep net,,,CBAY0032,July 28 2024
KBIMP-_006_E9,O. Colman,2,Canada,Nunavut,Kitikmeot,CBAY,DEW Line Rd,69.11926,-105.127426,,,,,,,,,,Sweep net,,,CBAY0032,July 28 2024
KBIMP-_006_E10,O. Colman,2,Canada,Nunavut,Kitikmeot,CBAY,DEW Line Rd,69.11926,-105.127426,,,,,,,,,,Sweep net,,,CBAY0032,July 28 2024
KBIMP-_006_E11,O. Colman,2,Canada,Nunavut,Kitikmeot,CBAY,DEW Line Rd,69.11926,-105.127426,,,,,,,,,,Sweep net,,,CBAY0032,July 28 2024
KBIMP-_006_E12,O. Colman,2,Canada,Nunavut,Kitikmeot,CBAY,DEW Line Rd,69.11926,-105.127426,,,,,,,,,,Sweep net,,,CBAY0032,July 28 2024
KBIMP-_006_F1,O. Colman,2,Canada,Nunavut,Kitikmeot,CBAY,DEW Line Rd,69.11926,-105.127426,,,,,,,,,,Sweep net,,,CBAY0032,July 28 2024
KBIMP-_006_F2,O. Colman,2,Canada,Nunavut,Kitikmeot,CBAY,DEW Line Rd,69.11926,-105.127426,,,,,,,,,,Sweep net,,,CBAY0032,July 28 2024
KBIMP_002_C10,O. Colman,2,Canada,Nunavut,Kitikmeot,CBAY,Creek South of Pelly Road,69.119246,-105.127423,,,,,,,,,,Surber net,,,CBAY0038,July 29 2024
KBIMP_002_C11,O. Colman,2,Canada,Nunavut,Kitikmeot,CBAY,Creek South of Pelly Road,69.119246,-105.127423,,,,,,,,,,Surber net,,,CBAY0038,July 29 2024
KBIMP_002_C12,O. Colman,2,Canada,Nunavut,Kitikmeot,CBAY,Creek South of Pelly Road,69.119246,-105.127423,,,,,,,,,,Surber net,,,CBAY0038,July 29 2024
KBIMP_002_D1,O. Colman,2,Canada,Nunavut,Kitikmeot,CBAY,Creek South of Pelly Road,69.119246,-105.127423,,,,,,,,,,Surber net,,,CBAY0038,July 29 2024
KBIMP_002_D2,O. Colman,2,Canada,Nunavut,Kitikmeot,CBAY,Creek South of Pelly Road,69.119246,-105.127423,,,,,,,,,,Surber net,,,CBAY0038,July 29 2024
KBIMP_002_D3,O. Colman,2,Canada,Nunavut,Kitikmeot,CBAY,Creek South of Pelly Road,69.119246,-105.127423,,,,,,,,,,Surber net,,,CBAY0038,July 29 2024
KBIMP_002_D4,O. Colman,2,Canada,Nunavut,Kitikmeot,CBAY,Creek South of Pelly Road,69.119246,-105.127423,,,,,,,,,,Surber net,,,CBAY0038,July 29 2024
KBIMP_002_D5,O. Colman,2,Canada,Nunavut,Kitikmeot,CBAY,Creek South of Pelly Road,69.119246,-105.127423,,,,,,,,,,Surber net,,,CBAY0038,July 29 2024
KBIMP_002_D6,O. Colman,2,Canada,Nunavut,Kitikmeot,CBAY,Creek South of Pelly Road,69.119246,-105.127423,,,,,,,,,,Surber net,,,CBAY0038,July 29 2024
KBIMP_002_D7,O. Colman,2,Canada,Nunavut,Kitikmeot,CBAY,Creek South of Pelly Road,69.119246,-105.127423,,,,,,,,,,Surber net,,,CBAY0038,July 29 2024
KBIMP-_005_E8,D. Nowosad,2,Canada,Nunavut,Kitikmeot,CBAY,Stream into Grenier Lake,69.20535,-104.77646,,,,,,,,,,Malaise Trap,,,CBAY0048,July 21 -July 29 2024
KBIMP-_005_E9,D. Nowosad,2,Canada,Nunavut,Kitikmeot,CBAY,Stream into Grenier Lake,69.20535,-104.77646,,,,,,,,,,Malaise Trap,,,CBAY0048,July 21 -July 29 2024
KBIMP-_005_E10,D. Nowosad,2,Canada,Nunavut,Kitikmeot,CBAY,Stream into Grenier Lake,69.20535,-104.77646,,,,,,,,,,Malaise Trap,,,CBAY0048,July 21 -July 29 2024
KBIMP-_005_E11,D. Nowosad,2,Canada,Nunavut,Kitikmeot,CBAY,Stream into Grenier Lake,69.20535,-104.77646,,,,,,,,,,Malaise Trap,,,CBAY0048,July 21 -July 29 2024
KBIMP-_005_E12,D. Nowosad,2,Canada,Nunavut,Kitikmeot,CBAY,Stream into Grenier Lake,69.20535,-104.77646,,,,,,,,,,Malaise Trap,,,CBAY0048,July 21 -July 29 2024
KBIMP-_005_F1,D. Nowosad,2,Canada,Nunavut,Kitikmeot,CBAY,Stream into Grenier Lake,69.20535,-104.77646,,,,,,,,,,Malaise Trap,,,CBAY0048,July 21 -July 29 2024
KBIMP-_005_F2,D. Nowosad,2,Canada,Nunavut,Kitikmeot,CBAY,Stream into Grenier Lake,69.20535,-104.77646,,,,,,,,,,Malaise Trap,,,CBAY0048,July 21 -July 29 2024
KBIMP-_005_F3,D. Nowosad,2,Canada,Nunavut,Kitikmeot,CBAY,Stream into Grenier Lake,69.20535,-104.77646,,,,,,,,,,Malaise Trap,,,CBAY0048,July 21 -July 29 2024
KBIMP-_005_F4,D. Nowosad,2,Canada,Nunavut,Kitikmeot,CBAY,Stream into Grenier Lake,69.20535,-104.77646,,,,,,,,,,Malaise Trap,,,CBAY0048,July 21 -July 29 2024
KBIMP-_005_F5,D. Nowosad,2,Canada,Nunavut,Kitikmeot,CBAY,Stream into Grenier Lake,69.20535,-104.77646,,,,,,,,,,Malaise Trap,,,CBAY0048,July 21 -July 29 2024
KBIMP-_005_F6,D. Nowosad,2,Canada,Nunavut,Kitikmeot,CBAY,Stream into Grenier Lake,69.20535,-104.77646,,,,,,,,,,Malaise Trap,,,CBAY0048,July 21 -July 29 2024
KBIMP-_006_A12,D. Nowosad,2,Canada,Nunavut,Kitikmeot,CBAY,Creek south of Pelly Rd,69.12861,-104.98722,,,,,,,,,,Malaise Trap,,,CBAY0043,July 21 - July 29 
KBIMP-_006_B1,D. Nowosad,2,Canada,Nunavut,Kitikmeot,CBAY,Creek south of Pelly Rd,69.12861,-104.98722,,,,,,,,,,Malaise Trap,,,CBAY0043,July 21 - July 29 
KBIMP-_006_B2,D. Nowosad,2,Canada,Nunavut,Kitikmeot,CBAY,Creek south of Pelly Rd,69.12861,-104.98722,,,,,,,,,,Malaise Trap,,,CBAY0043,July 21 - July 29 
KBIMP-_006_B3,D. Nowosad,2,Canada,Nunavut,Kitikmeot,CBAY,Creek south of Pelly Rd,69.12861,-104.98722,,,,,,,,,,Malaise Trap,,,CBAY0043,July 21 - July 29 
KBIMP-_006_B4,D. Nowosad,2,Canada,Nunavut,Kitikmeot,CBAY,Creek south of Pelly Rd,69.12861,-104.98722,,,,,,,,,,Malaise Trap,,,CBAY0043,July 21 - July 29 
KBIMP-_006_B5,D. Nowosad,2,Canada,Nunavut,Kitikmeot,CBAY,Creek south of Pelly Rd,69.12861,-104.98722,,,,,,,,,,Malaise Trap,,,CBAY0043,July 21 - July 29 
KBIMP-_006_B6,D. Nowosad,2,Canada,Nunavut,Kitikmeot,CBAY,Creek south of Pelly Rd,69.12861,-104.98722,,,,,,,,,,Malaise Trap,,,CBAY0043,July 21 - July 29 
KBIMP-_006_B7,D. Nowosad,2,Canada,Nunavut,Kitikmeot,CBAY,Creek south of Pelly Rd,69.12861,-104.98722,,,,,,,,,,Malaise Trap,,,CBAY0043,July 21 - July 29 
KBIMP-_006_B8,D. Nowosad,2,Canada,Nunavut,Kitikmeot,CBAY,Creek south of Pelly Rd,69.12861,-104.98722,,,,,,,,,,Malaise Trap,,,CBAY0043,July 21 - July 29 
KBIMP-_006_B9,D. Nowosad,2,Canada,Nunavut,Kitikmeot,CBAY,Creek south of Pelly Rd,69.12861,-104.98722,,,,,,,,,,Malaise Trap,,,CBAY0043,July 21 - July 29 
KBIMP-_006_B10,D. Nowosad,2,Canada,Nunavut,Kitikmeot,CBAY,Creek south of Pelly Rd,69.12861,-104.98722,,,,,,,,,,Malaise Trap,,,CBAY0043,July 21 - July 29 
KBIMP-_006_B11,D. Nowosad,2,Canada,Nunavut,Kitikmeot,CBAY,Creek south of Pelly Rd,69.12861,-104.98722,,,,,,,,,,Malaise Trap,,,CBAY0043,July 21 - July 29 
KBIMP-_006_B12,D. Nowosad,2,Canada,Nunavut,Kitikmeot,CBAY,Creek south of Pelly Rd,69.12861,-104.98722,,,,,,,,,,Malaise Trap,,,CBAY0043,July 21 - July 29 
KBIMP-_006_C1,D. Nowosad,2,Canada,Nunavut,Kitikmeot,CBAY,Creek south of Pelly Rd,69.12861,-104.98722,,,,,,,,,,Malaise Trap,,,CBAY0043,July 21 - July 29 
KBIMP-_006_C2,D. Nowosad,2,Canada,Nunavut,Kitikmeot,CBAY,Creek south of Pelly Rd,69.12861,-104.98722,,,,,,,,,,Malaise Trap,,,CBAY0043,July 21 - July 29 
KBIMP-_006_C3,D. Nowosad,2,Canada,Nunavut,Kitikmeot,CBAY,Creek south of Pelly Rd,69.12861,-104.98722,,,,,,,,,,Malaise Trap,,,CBAY0043,July 21 - July 29 
KBIMP-_006_C4,D. Nowosad,2,Canada,Nunavut,Kitikmeot,CBAY,Creek south of Pelly Rd,69.12861,-104.98722,,,,,,,,,,Malaise Trap,,,CBAY0043,July 21 - July 29 
KBIMP-_006_C5,D. Nowosad,2,Canada,Nunavut,Kitikmeot,CBAY,Creek south of Pelly Rd,69.12861,-104.98722,,,,,,,,,,Malaise Trap,,,CBAY0043,July 21 - July 29 
KBIMP-_006_C6,D. Nowosad,2,Canada,Nunavut,Kitikmeot,CBAY,Creek south of Pelly Rd,69.12861,-104.98722,,,,,,,,,,Malaise Trap,,,CBAY0043,July 21 - July 29 
KBIMP-_006_C7,D. Nowosad,2,Canada,Nunavut,Kitikmeot,CBAY,Creek south of Pelly Rd,69.12861,-104.98722,,,,,,,,,,Malaise Trap,,,CBAY0043,July 21 - July 29 
KBIMP-_007_C6,B. Taptuna ,2,,Nunavut,Kitikmeot,KGLTK,by the creek at 4 mile bay,67 51.0830,115 16.3340,,,,,,,,,,,,,KGLTK0014,July 22-July 30
KBIMP-_007_C7,B. Taptuna ,2,,Nunavut,Kitikmeot,KGLTK,by the creek at 4 mile bay,67 51.0830,115 16.3340,,,,,,,,,,,,,KGLTK0014,July 22-July 30
KBIMP-_007_C8,B. Taptuna ,2,,Nunavut,Kitikmeot,KGLTK,by the creek at 4 mile bay,67 51.0830,115 16.3340,,,,,,,,,,,,,KGLTK0014,July 22-July 30
KBIMP-_007_C9,B. Taptuna ,2,,Nunavut,Kitikmeot,KGLTK,by the creek at 4 mile bay,67 51.0830,115 16.3340,,,,,,,,,,,,,KGLTK0014,July 22-July 30
KBIMP-_007_C10,B. Taptuna ,2,,Nunavut,Kitikmeot,KGLTK,by the creek at 4 mile bay,67 51.0830,115 16.3340,,,,,,,,,,,,,KGLTK0014,July 22-July 30
KBIMP-_007_C11,B. Taptuna ,2,,Nunavut,Kitikmeot,KGLTK,by the creek at 4 mile bay,67 51.0830,115 16.3340,,,,,,,,,,,,,KGLTK0014,July 22-July 30
KBIMP-_007_C12,B. Taptuna ,2,,Nunavut,Kitikmeot,KGLTK,by the creek at 4 mile bay,67 51.0830,115 16.3340,,,,,,,,,,,,,KGLTK0014,July 22-July 30
KBIMP-_007_D1,B. Taptuna ,2,,Nunavut,Kitikmeot,KGLTK,by the creek at 4 mile bay,67 51.0830,115 16.3340,,,,,,,,,,,,,KGLTK0014,July 22-July 30
KBIMP-_007_D2,B. Taptuna ,2,,Nunavut,Kitikmeot,KGLTK,by the creek at 4 mile bay,67 51.0830,115 16.3340,,,,,,,,,,,,,KGLTK0014,July 22-July 30
KBIMP-_007_D3,B. Taptuna ,2,,Nunavut,Kitikmeot,KGLTK,by the creek at 4 mile bay,67 51.0830,115 16.3340,,,,,,,,,,,,,KGLTK0014,July 22-July 30
KBIMP-_007_A3,B. Taptuna ,2,Canada,Nunavut,Kitikmeot,KGLTK,4 mile bay,67 51.0830,115 16.3340,,,,,,,,,,,,,KGLTK0032,30-Jul-25
KBIMP-_007_A4,B. Taptuna ,2,Canada,Nunavut,Kitikmeot,KGLTK,4 mile bay,67 51.0830,115 16.3340,,,,,,,,,,,,,KGLTK0032,30-Jul-25
KBIMP-_007_A5,B. Taptuna ,2,Canada,Nunavut,Kitikmeot,KGLTK,4 mile bay,67 51.0830,115 16.3340,,,,,,,,,,,,,KGLTK0032,30-Jul-25
KBIMP-_007_A6,B. Taptuna ,2,Canada,Nunavut,Kitikmeot,KGLTK,4 mile bay,67 51.0830,115 16.3340,,,,,,,,,,,,,KGLTK0032,30-Jul-25
KBIMP-_007_A7,B. Taptuna ,2,Canada,Nunavut,Kitikmeot,KGLTK,4 mile bay,67 51.0830,115 16.3340,,,,,,,,,,,,,KGLTK0032,30-Jul-25
KBIMP-_007_A8,B. Taptuna ,2,Canada,Nunavut,Kitikmeot,KGLTK,4 mile bay,67 51.0830,115 16.3340,,,,,,,,,,,,,KGLTK0032,30-Jul-25
KBIMP-_007_A9,B. Taptuna ,2,Canada,Nunavut,Kitikmeot,KGLTK,4 mile bay,67 51.0830,115 16.3340,,,,,,,,,,,,,KGLTK0032,30-Jul-25
KBIMP-_007_A10,B. Taptuna ,2,Canada,Nunavut,Kitikmeot,KGLTK,4 mile bay,67 51.0830,115 16.3340,,,,,,,,,,,,,KGLTK0032,30-Jul-25
KBIMP_003_G4,O. Colman,2,Canada,Nunavut,Kitikmeot,CBAY,1st creek ,69.133033,-105.462978,,,,,,,,,,Sweep net,,,CBAY0047,July 31 2024
KBIMP-_007_H9,"B. Taptuna, DHokanak",2,,Nunavut,Kitikmeot,KGLTK,other side of heart lake,67 48.2830,115 13.697,,,,,,,,,,,,,KGLTK0019,July 24- July 31
KBIMP-_007_H10,"B. Taptuna, DHokanak",2,,Nunavut,Kitikmeot,KGLTK,other side of heart lake,67 48.2830,115 13.697,,,,,,,,,,,,,KGLTK0019,July 24- July 31
KBIMP-_007_H11,"B. Taptuna, DHokanak",2,,Nunavut,Kitikmeot,KGLTK,other side of heart lake,67 48.2830,115 13.697,,,,,,,,,,,,,KGLTK0019,July 24- July 31
KBIMP-_008_A1,"B. Taptuna, DHokanak",2,,Nunavut,Kitikmeot,KGLTK,other side of heart lake,67 48.2830,115 13.697,,,,,,,,,,,,,KGLTK0019,July 24- July 31
KBIMP-_008_A2,"B. Taptuna, DHokanak",2,,Nunavut,Kitikmeot,KGLTK,other side of heart lake,67 48.2830,115 13.697,,,,,,,,,,,,,KGLTK0019,July 24- July 31
KBIMP-_008_A3,"B. Taptuna, DHokanak",2,,Nunavut,Kitikmeot,KGLTK,other side of heart lake,67 48.2830,115 13.697,,,,,,,,,,,,,KGLTK0019,July 24- July 31
KBIMP-_008_A4,"B. Taptuna, DHokanak",2,,Nunavut,Kitikmeot,KGLTK,other side of heart lake,67 48.2830,115 13.697,,,,,,,,,,,,,KGLTK0019,July 24- July 31
KBIMP-_008_A5,"B. Taptuna, DHokanak",2,,Nunavut,Kitikmeot,KGLTK,other side of heart lake,67 48.2830,115 13.697,,,,,,,,,,,,,KGLTK0019,July 24- July 31
KBIMP-_008_A6,"B. Taptuna, DHokanak",2,,Nunavut,Kitikmeot,KGLTK,other side of heart lake,67 48.2830,115 13.697,,,,,,,,,,,,,KGLTK0019,July 24- July 31
KBIMP-_008_A7,"B. Taptuna, DHokanak",2,,Nunavut,Kitikmeot,KGLTK,other side of heart lake,67 48.2830,115 13.697,,,,,,,,,,,,,KGLTK0019,July 24- July 31
KBIMP-_008_A8,"B. Taptuna, DHokanak",2,,Nunavut,Kitikmeot,KGLTK,other side of heart lake,67 48.2830,115 13.697,,,,,,,,,,,,,KGLTK0019,July 24- July 31
KBIMP_004_A11,O. Colman/D.Nowosad,2,Canada,Nunavut,Kitikmeot,CBAY,Long Pt Creek,69.13281,-105.4632,,,,,,,,,,Malaise Trap,,,CBAY0056,July 25 - July 31 2024
KBIMP_004_A12,O. Colman/D.Nowosad,2,Canada,Nunavut,Kitikmeot,CBAY,Long Pt Creek,69.13281,-105.4632,,,,,,,,,,Malaise Trap,,,CBAY0056,July 25 - July 31 2024
KBIMP_004_B1,O. Colman/D.Nowosad,2,Canada,Nunavut,Kitikmeot,CBAY,Long Pt Creek,69.13281,-105.4632,,,,,,,,,,Malaise Trap,,,CBAY0056,July 25 - July 31 2024
KBIMP_004_B2,O. Colman/D.Nowosad,2,Canada,Nunavut,Kitikmeot,CBAY,Long Pt Creek,69.13281,-105.4632,,,,,,,,,,Malaise Trap,,,CBAY0056,July 25 - July 31 2024
KBIMP_004_B3,O. Colman/D.Nowosad,2,Canada,Nunavut,Kitikmeot,CBAY,Long Pt Creek,69.13281,-105.4632,,,,,,,,,,Malaise Trap,,,CBAY0056,July 25 - July 31 2024
KBIMP_004_B4,O. Colman/D.Nowosad,2,Canada,Nunavut,Kitikmeot,CBAY,Long Pt Creek,69.13281,-105.4632,,,,,,,,,,Malaise Trap,,,CBAY0056,July 25 - July 31 2024
KBIMP_004_B5,O. Colman/D.Nowosad,2,Canada,Nunavut,Kitikmeot,CBAY,Long Pt Creek,69.13281,-105.4632,,,,,,,,,,Malaise Trap,,,CBAY0056,July 25 - July 31 2024
KBIMP_004_B6,O. Colman/D.Nowosad,2,Canada,Nunavut,Kitikmeot,CBAY,Long Pt Creek,69.13281,-105.4632,,,,,,,,,,Malaise Trap,,,CBAY0056,July 25 - July 31 2024
KBIMP_004_B7,O. Colman/D.Nowosad,2,Canada,Nunavut,Kitikmeot,CBAY,Long Pt Creek,69.13281,-105.4632,,,,,,,,,,Malaise Trap,,,CBAY0056,July 25 - July 31 2024
KBIMP_004_B8,O. Colman/D.Nowosad,2,Canada,Nunavut,Kitikmeot,CBAY,Long Pt Creek,69.13281,-105.4632,,,,,,,,,,Malaise Trap,,,CBAY0056,July 25 - July 31 2024
KBIMP_004_B9,O. Colman/D.Nowosad,2,Canada,Nunavut,Kitikmeot,CBAY,Long Pt Creek,69.13281,-105.4632,,,,,,,,,,Malaise Trap,,,CBAY0056,July 25 - July 31 2024
KBIMP_004_B10,O. Colman/D.Nowosad,2,Canada,Nunavut,Kitikmeot,CBAY,Long Pt Creek,69.13281,-105.4632,,,,,,,,,,Malaise Trap,,,CBAY0056,July 25 - July 31 2024
KBIMP_004_B11,O. Colman/D.Nowosad,2,Canada,Nunavut,Kitikmeot,CBAY,Long Pt Creek,69.13281,-105.4632,,,,,,,,,,Malaise Trap,,,CBAY0056,July 25 - July 31 2024
KBIMP_004_B12,O. Colman/D.Nowosad,2,Canada,Nunavut,Kitikmeot,CBAY,Long Pt Creek,69.13281,-105.4632,,,,,,,,,,Malaise Trap,,,CBAY0056,July 25 - July 31 2024
KBIMP_004_C1,O. Colman/D.Nowosad,2,Canada,Nunavut,Kitikmeot,CBAY,Long Pt Creek,69.13281,-105.4632,,,,,,,,,,Malaise Trap,,,CBAY0056,July 25 - July 31 2024
KBIMP_004_C2,O. Colman/D.Nowosad,2,Canada,Nunavut,Kitikmeot,CBAY,Long Pt Creek,69.13281,-105.4632,,,,,,,,,,Malaise Trap,,,CBAY0056,July 25 - July 31 2024
KBIMP_004_C3,O. Colman/D.Nowosad,2,Canada,Nunavut,Kitikmeot,CBAY,Long Pt Creek,69.13281,-105.4632,,,,,,,,,,Malaise Trap,,,CBAY0056,July 25 - July 31 2024
KBIMP_004_C4,O. Colman/D.Nowosad,2,Canada,Nunavut,Kitikmeot,CBAY,Long Pt Creek,69.13281,-105.4632,,,,,,,,,,Malaise Trap,,,CBAY0056,July 25 - July 31 2024
KBIMP_004_C5,O. Colman/D.Nowosad,2,Canada,Nunavut,Kitikmeot,CBAY,Long Pt Creek,69.13281,-105.4632,,,,,,,,,,Malaise Trap,,,CBAY0056,July 25 - July 31 2024
KBIMP_004_C6,O. Colman/D.Nowosad,2,Canada,Nunavut,Kitikmeot,CBAY,Long Pt Creek,69.13281,-105.4632,,,,,,,,,,Malaise Trap,,,CBAY0056,July 25 - July 31 2024
KBIMP_004_D5,O. Colman/D.Nowosad,2,Canada,Nunavut,Kitikmeot,CBAY,Creek by Long Pt beach,69.158448,-105.19093,,,,,,,,,,Malaise Trap,,,CBAY0025,July 25 - July 31 2024
KBIMP_004_D6,O. Colman/D.Nowosad,2,Canada,Nunavut,Kitikmeot,CBAY,Creek by Long Pt beach,69.158448,-105.19093,,,,,,,,,,Malaise Trap,,,CBAY0025,July 25 - July 31 2024
KBIMP_004_D7,O. Colman/D.Nowosad,2,Canada,Nunavut,Kitikmeot,CBAY,Creek by Long Pt beach,69.158448,-105.19093,,,,,,,,,,Malaise Trap,,,CBAY0025,July 25 - July 31 2024
KBIMP_004_D8,O. Colman/D.Nowosad,2,Canada,Nunavut,Kitikmeot,CBAY,Creek by Long Pt beach,69.158448,-105.19093,,,,,,,,,,Malaise Trap,,,CBAY0025,July 25 - July 31 2024
KBIMP_004_D9,O. Colman/D.Nowosad,2,Canada,Nunavut,Kitikmeot,CBAY,Creek by Long Pt beach,69.158448,-105.19093,,,,,,,,,,Malaise Trap,,,CBAY0025,July 25 - July 31 2024
KBIMP_004_D10,O. Colman/D.Nowosad,2,Canada,Nunavut,Kitikmeot,CBAY,Creek by Long Pt beach,69.158448,-105.19093,,,,,,,,,,Malaise Trap,,,CBAY0025,July 25 - July 31 2024
KBIMP_004_D11,O. Colman/D.Nowosad,2,Canada,Nunavut,Kitikmeot,CBAY,Creek by Long Pt beach,69.158448,-105.19093,,,,,,,,,,Malaise Trap,,,CBAY0025,July 25 - July 31 2024
KBIMP_004_D12,O. Colman/D.Nowosad,2,Canada,Nunavut,Kitikmeot,CBAY,Creek by Long Pt beach,69.158448,-105.19093,,,,,,,,,,Malaise Trap,,,CBAY0025,July 25 - July 31 2024
KBIMP_004_E1,O. Colman/D.Nowosad,2,Canada,Nunavut,Kitikmeot,CBAY,Creek by Long Pt beach,69.158448,-105.19093,,,,,,,,,,Malaise Trap,,,CBAY0025,July 25 - July 31 2024
KBIMP_004_E2,O. Colman/D.Nowosad,2,Canada,Nunavut,Kitikmeot,CBAY,Creek by Long Pt beach,69.158448,-105.19093,,,,,,,,,,Malaise Trap,,,CBAY0025,July 25 - July 31 2024
KBIMP-_005_A1,O. Colman/D.Nowosad,2,Canada,Nunavut,Kitikmeot,CBAY,Creek by Long Pt beach,69.158448,-105.19093,,,,,,,,,,Malaise Trap,,,CBAY0025,July 25 - July 31 2024
KBIMP-_008_D7,"B. Taptuna, DHokanak",2,,Nunavut,Kitikmeot,KGLTK,behind town,67 48.5939,115 07.5350,,,,,,,,,,,,,KGLTK0018,july 24-July 31
KBIMP-_008_D8,"B. Taptuna, DHokanak",2,,Nunavut,Kitikmeot,KGLTK,behind town,67 48.5939,115 07.5350,,,,,,,,,,,,,KGLTK0018,july 24-July 31
KBIMP-_008_D9,"B. Taptuna, DHokanak",2,,Nunavut,Kitikmeot,KGLTK,behind town,67 48.5939,115 07.5350,,,,,,,,,,,,,KGLTK0018,july 24-July 31
KBIMP-_008_D10,"B. Taptuna, DHokanak",2,,Nunavut,Kitikmeot,KGLTK,behind town,67 48.5939,115 07.5350,,,,,,,,,,,,,KGLTK0018,july 24-July 31
KBIMP-_008_D11,"B. Taptuna, DHokanak",2,,Nunavut,Kitikmeot,KGLTK,behind town,67 48.5939,115 07.5350,,,,,,,,,,,,,KGLTK0018,july 24-July 31
KBIMP-_008_D12,"B. Taptuna, DHokanak",2,,Nunavut,Kitikmeot,KGLTK,behind town,67 48.5939,115 07.5350,,,,,,,,,,,,,KGLTK0018,july 24-July 31
KBIMP-_008_E1,"B. Taptuna, DHokanak",2,,Nunavut,Kitikmeot,KGLTK,behind town,67 48.5939,115 07.5350,,,,,,,,,,,,,KGLTK0018,july 24-July 31
KBIMP-_008_E2,"B. Taptuna, DHokanak",2,,Nunavut,Kitikmeot,KGLTK,behind town,67 48.5939,115 07.5350,,,,,,,,,,,,,KGLTK0018,july 24-July 31
KBIMP-_008_E3,"B. Taptuna, DHokanak",2,,Nunavut,Kitikmeot,KGLTK,behind town,67 48.5939,115 07.5350,,,,,,,,,,,,,KGLTK0018,july 24-July 31
KBIMP-_008_E4,"B. Taptuna, DHokanak",2,,Nunavut,Kitikmeot,KGLTK,behind town,67 48.5939,115 07.5350,,,,,,,,,,,,,KGLTK0018,july 24-July 31
KBIMP-_008_E5,"B. Taptuna, DHokanak",2,,Nunavut,Kitikmeot,KGLTK,behind town,67 48.5939,115 07.5350,,,,,,,,,,,,,KGLTK0018,july 24-July 31
KBIMP-_008_E6,"B. Taptuna, DHokanak",2,,Nunavut,Kitikmeot,KGLTK,behind town,67 48.5939,115 07.5350,,,,,,,,,,,,,KGLTK0018,july 24-July 31
KBIMP-_007_A11,B. Taptuna ,2,Canada,Nunavut,Kitikmeot,KGLTK,on trail to 4 mile bay,67 49.4286,115 09.0674,,,,,,,,,,,,,KGLTK0015,July 25- July 31
KBIMP-_007_A12,B. Taptuna ,2,Canada,Nunavut,Kitikmeot,KGLTK,on trail to 4 mile bay,67 49.4286,115 09.0674,,,,,,,,,,,,,KGLTK0015,July 25- July 31
KBIMP-_007_B1,B. Taptuna ,2,Canada,Nunavut,Kitikmeot,KGLTK,on trail to 4 mile bay,67 49.4286,115 09.0674,,,,,,,,,,,,,KGLTK0015,July 25- July 31
KBIMP-_007_B2,B. Taptuna ,2,Canada,Nunavut,Kitikmeot,KGLTK,on trail to 4 mile bay,67 49.4286,115 09.0674,,,,,,,,,,,,,KGLTK0015,July 25- July 31
KBIMP-_007_B3,B. Taptuna ,2,Canada,Nunavut,Kitikmeot,KGLTK,on trail to 4 mile bay,67 49.4286,115 09.0674,,,,,,,,,,,,,KGLTK0015,July 25- July 31
KBIMP-_007_B4,B. Taptuna ,2,Canada,Nunavut,Kitikmeot,KGLTK,on trail to 4 mile bay,67 49.4286,115 09.0674,,,,,,,,,,,,,KGLTK0015,July 25- July 31
KBIMP-_007_B5,B. Taptuna ,2,Canada,Nunavut,Kitikmeot,KGLTK,on trail to 4 mile bay,67 49.4286,115 09.0674,,,,,,,,,,,,,KGLTK0015,July 25- July 31
KBIMP-_007_B6,B. Taptuna ,2,Canada,Nunavut,Kitikmeot,KGLTK,on trail to 4 mile bay,67 49.4286,115 09.0674,,,,,,,,,,,,,KGLTK0015,July 25- July 31
KBIMP-_007_B7,B. Taptuna ,2,Canada,Nunavut,Kitikmeot,KGLTK,on trail to 4 mile bay,67 49.4286,115 09.0674,,,,,,,,,,,,,KGLTK0015,July 25- July 31
KBIMP-_007_B8,B. Taptuna ,2,Canada,Nunavut,Kitikmeot,KGLTK,on trail to 4 mile bay,67 49.4286,115 09.0674,,,,,,,,,,,,,KGLTK0015,July 25- July 31
KBIMP-_007_B9,B. Taptuna ,2,Canada,Nunavut,Kitikmeot,KGLTK,on trail to 4 mile bay,67 49.4286,115 09.0674,,,,,,,,,,,,,KGLTK0015,July 25- July 31
KBIMP-_007_B10,B. Taptuna ,2,Canada,Nunavut,Kitikmeot,KGLTK,on trail to 4 mile bay,67 49.4286,115 09.0674,,,,,,,,,,,,,KGLTK0015,July 25- July 31
KBIMP-_007_B11,B. Taptuna ,2,Canada,Nunavut,Kitikmeot,KGLTK,on trail to 4 mile bay,67 49.4286,115 09.0674,,,,,,,,,,,,,KGLTK0015,July 25- July 31
KBIMP-_007_B12,B. Taptuna ,2,Canada,Nunavut,Kitikmeot,KGLTK,on trail to 4 mile bay,67 49.4286,115 09.0674,,,,,,,,,,,,,KGLTK0015,July 25- July 31
KBIMP-_007_C1,B. Taptuna ,2,Canada,Nunavut,Kitikmeot,KGLTK,on trail to 4 mile bay,67 49.4286,115 09.0674,,,,,,,,,,,,,KGLTK0015,July 25- July 31
KBIMP-_007_C2,B. Taptuna ,2,Canada,Nunavut,Kitikmeot,KGLTK,on trail to 4 mile bay,67 49.4286,115 09.0674,,,,,,,,,,,,,KGLTK0015,July 25- July 31
KBIMP-_007_C3,B. Taptuna ,2,Canada,Nunavut,Kitikmeot,KGLTK,on trail to 4 mile bay,67 49.4286,115 09.0674,,,,,,,,,,,,,KGLTK0015,July 25- July 31
KBIMP-_008_F1,B. Taptuna ,2,Canada,Nunavut,Kitikmeot,KGLTK,on trail to 4 mile bay,67 49.4286,115 09.0674,,,,,,,,,,,,,KGLTK0015,July 25- July 31
KBIMP-_007_F2,"B. Taptuna, DHokanak",2,,Nunavut,Kitikmeot,KGLTK,on trail to 4 mile bay by pond,67 49.4286,115 09.0674,,,,,,,,,,,,,KGLTK0008,31-Jul-25
KBIMP-_007_F3,"B. Taptuna, DHokanak",2,,Nunavut,Kitikmeot,KGLTK,on trail to 4 mile bay by pond,67 49.4286,115 09.0674,,,,,,,,,,,,,KGLTK0008,31-Jul-25
KBIMP-_007_F4,"B. Taptuna, DHokanak",2,,Nunavut,Kitikmeot,KGLTK,on trail to 4 mile bay by pond,67 49.4286,115 09.0674,,,,,,,,,,,,,KGLTK0008,31-Jul-25
KBIMP-_007_F5,"B. Taptuna, DHokanak",2,,Nunavut,Kitikmeot,KGLTK,on trail to 4 mile bay by pond,67 49.4286,115 09.0674,,,,,,,,,,,,,KGLTK0008,31-Jul-25
KBIMP-_007_F6,"B. Taptuna, DHokanak",2,,Nunavut,Kitikmeot,KGLTK,on trail to 4 mile bay by pond,67 49.4286,115 09.0674,,,,,,,,,,,,,KGLTK0008,31-Jul-25
KBIMP-_007_F7,"B. Taptuna, DHokanak",2,,Nunavut,Kitikmeot,KGLTK,on trail to 4 mile bay by pond,67 49.4286,115 09.0674,,,,,,,,,,,,,KGLTK0008,31-Jul-25
KBIMP-_007_F8,"B. Taptuna, DHokanak",2,,Nunavut,Kitikmeot,KGLTK,on trail to 4 mile bay by pond,67 49.4286,115 09.0674,,,,,,,,,,,,,KGLTK0008,31-Jul-25
KBIMP-_007_F9,"B. Taptuna, DHokanak",2,,Nunavut,Kitikmeot,KGLTK,on trail to 4 mile bay by pond,67 49.4286,115 09.0674,,,,,,,,,,,,,KGLTK0008,31-Jul-25
KBIMP-_007_F10,"B. Taptuna, DHokanak",2,,Nunavut,Kitikmeot,KGLTK,on trail to 4 mile bay by pond,67 49.4286,115 09.0674,,,,,,,,,,,,,KGLTK0008,31-Jul-25
KBIMP-_007_F11,"B. Taptuna, DHokanak",2,,Nunavut,Kitikmeot,KGLTK,on trail to 4 mile bay by pond,67 49.4286,115 09.0674,,,,,,,,,,,,,KGLTK0008,31-Jul-25
KBIMP-_007_F12,"B. Taptuna, DHokanak",2,,Nunavut,Kitikmeot,KGLTK,on trail to 4 mile bay by pond,67 49.4286,115 09.0674,,,,,,,,,,,,,KGLTK0008,31-Jul-25
KBIMP-_007_G1,"B. Taptuna, DHokanak",2,,Nunavut,Kitikmeot,KGLTK,on trail to 4 mile bay by pond,67 49.4286,115 09.0674,,,,,,,,,,,,,KGLTK0008,31-Jul-25
KBIMP-_007_G2,"B. Taptuna, DHokanak",2,,Nunavut,Kitikmeot,KGLTK,on trail to 4 mile bay by pond,67 49.4286,115 09.0674,,,,,,,,,,,,,KGLTK0008,31-Jul-25
KBIMP-_007_G3,"B. Taptuna, DHokanak",2,,Nunavut,Kitikmeot,KGLTK,on trail to 4 mile bay by pond,67 49.4286,115 09.0674,,,,,,,,,,,,,KGLTK0008,31-Jul-25
KBIMP-_007_G4,"B. Taptuna, DHokanak",2,,Nunavut,Kitikmeot,KGLTK,on trail to 4 mile bay by pond,67 49.4286,115 09.0674,,,,,,,,,,,,,KGLTK0008,31-Jul-25
KBIMP-_007_G5,"B. Taptuna, DHokanak",2,,Nunavut,Kitikmeot,KGLTK,on trail to 4 mile bay by pond,67 49.4286,115 09.0674,,,,,,,,,,,,,KGLTK0008,31-Jul-25
KBIMP-_007_G6,"B. Taptuna, DHokanak",2,,Nunavut,Kitikmeot,KGLTK,on trail to 4 mile bay by pond,67 49.4286,115 09.0674,,,,,,,,,,,,,KGLTK0008,31-Jul-25
KBIMP-_007_G7,"B. Taptuna, DHokanak",2,,Nunavut,Kitikmeot,KGLTK,on trail to 4 mile bay by pond,67 49.4286,115 09.0674,,,,,,,,,,,,,KGLTK0008,31-Jul-25
KBIMP-_007_G8,"B. Taptuna, DHokanak",2,,Nunavut,Kitikmeot,KGLTK,on trail to 4 mile bay by pond,67 49.4286,115 09.0674,,,,,,,,,,,,,KGLTK0008,31-Jul-25
KBIMP-_007_G9,"B. Taptuna, DHokanak",2,,Nunavut,Kitikmeot,KGLTK,on trail to 4 mile bay by pond,67 49.4286,115 09.0674,,,,,,,,,,,,,KGLTK0008,31-Jul-25
KBIMP-_008_F2,"B. Taptuna, DHokanak",2,,Nunavut,Kitikmeot,KGLTK,on trail to 4 mile bay by pond,67 49.4286,115 09.0674,,,,,,,,,,,,,KGLTK0008,31-Jul-25
KBIMP-_008_F3,"B. Taptuna, DHokanak",2,,Nunavut,Kitikmeot,KGLTK,on trail to 4 mile bay by pond,67 49.4286,115 09.0674,,,,,,,,,,,,,KGLTK0008,31-Jul-25
KBIMP-_008_F4,"B. Taptuna, DHokanak",2,,Nunavut,Kitikmeot,KGLTK,on trail to 4 mile bay by pond,67 49.4286,115 09.0674,,,,,,,,,,,,,KGLTK0008,31-Jul-25
KBIMP-_008_F5,"B. Taptuna, DHokanak",2,,Nunavut,Kitikmeot,KGLTK,on trail to 4 mile bay by pond,67 49.4286,115 09.0674,,,,,,,,,,,,,KGLTK0008,31-Jul-25
KBIMP_003_E5,D. Nowosad,2,Canada,Nunavut,Kitikmeot,CBAY,DEW Line Rd,69.19312,-105.127489,,,,,,,,,,Sweep net,,,CBAY0046,August 1 2024
KBIMP_003_E6,D. Nowosad,2,Canada,Nunavut,Kitikmeot,CBAY,DEW Line Rd,69.19312,-105.127489,,,,,,,,,,Sweep net,,,CBAY0046,August 1 2024
KBIMP_003_E7,D. Nowosad,2,Canada,Nunavut,Kitikmeot,CBAY,DEW Line Rd,69.19312,-105.127489,,,,,,,,,,Sweep net,,,CBAY0046,August 1 2024
KBIMP_003_E8,D. Nowosad,2,Canada,Nunavut,Kitikmeot,CBAY,DEW Line Rd,69.19312,-105.127489,,,,,,,,,,Sweep net,,,CBAY0046,August 1 2024
KBIMP_003_E9,D. Nowosad,2,Canada,Nunavut,Kitikmeot,CBAY,DEW Line Rd,69.19312,-105.127489,,,,,,,,,,Sweep net,,,CBAY0046,August 1 2024
KBIMP_003_E10,D. Nowosad,2,Canada,Nunavut,Kitikmeot,CBAY,DEW Line Rd,69.19312,-105.127489,,,,,,,,,,Sweep net,,,CBAY0046,August 1 2024
KBIMP_003_E11,D. Nowosad,2,Canada,Nunavut,Kitikmeot,CBAY,DEW Line Rd,69.19312,-105.127489,,,,,,,,,,Sweep net,,,CBAY0046,August 1 2024
KBIMP_003_E12,D. Nowosad,2,Canada,Nunavut,Kitikmeot,CBAY,DEW Line Rd,69.19312,-105.127489,,,,,,,,,,Sweep net,,,CBAY0046,August 1 2024
KBIMP_003_F1,D. Nowosad,2,Canada,Nunavut,Kitikmeot,CBAY,DEW Line Rd,69.19312,-105.127489,,,,,,,,,,Sweep net,,,CBAY0046,August 1 2024
KBIMP_003_F2,D. Nowosad,2,Canada,Nunavut,Kitikmeot,CBAY,DEW Line Rd,69.19312,-105.127489,,,,,,,,,,Sweep net,,,CBAY0046,August 1 2024
KBIMP_003_F3,D. Nowosad,2,Canada,Nunavut,Kitikmeot,CBAY,DEW Line Rd,69.147755,-105.192759,,,,,,,,,,Sweep net,,,CBAY0041,August 1 2024
KBIMP_003_F4,O. Colman,2,Canada,Nunavut,Kitikmeot,CBAY,DEW Line Rd,69.158205,-105.190377,,,,,,,,,,Sweep net,,,CBAY0050,August 1 2024
KBIMP_003_F5,O. Colman,2,Canada,Nunavut,Kitikmeot,CBAY,DEW Line Rd,69.158205,-105.190377,,,,,,,,,,Sweep net,,,CBAY0050,August 1 2024
KBIMP_003_F6,O. Colman,2,Canada,Nunavut,Kitikmeot,CBAY,DEW Line Rd,69.158205,-105.190377,,,,,,,,,,Sweep net,,,CBAY0050,August 1 2024
KBIMP_003_F7,O. Colman,2,Canada,Nunavut,Kitikmeot,CBAY,DEW Line Rd,69.158205,-105.190377,,,,,,,,,,Sweep net,,,CBAY0050,August 1 2024
KBIMP_003_F8,O. Colman,2,Canada,Nunavut,Kitikmeot,CBAY,DEW Line Rd,69.158205,-105.190377,,,,,,,,,,Sweep net,,,CBAY0050,August 1 2024
KBIMP_003_F9,O. Colman,2,Canada,Nunavut,Kitikmeot,CBAY,DEW Line Rd,69.158205,-105.190377,,,,,,,,,,Sweep net,,,CBAY0050,August 1 2024
KBIMP_003_F10,O. Colman,2,Canada,Nunavut,Kitikmeot,CBAY,DEW Line Rd,69.158205,-105.190377,,,,,,,,,,Sweep net,,,CBAY0050,August 1 2024
KBIMP_003_F11,O. Colman,2,Canada,Nunavut,Kitikmeot,CBAY,DEW Line Rd,69.158205,-105.190377,,,,,,,,,,Sweep net,,,CBAY0050,August 1 2024
KBIMP_003_F12,O. Colman,2,Canada,Nunavut,Kitikmeot,CBAY,DEW Line Rd,69.158205,-105.190377,,,,,,,,,,Sweep net,,,CBAY0050,August 1 2024
KBIMP_003_G1,O. Colman,2,Canada,Nunavut,Kitikmeot,CBAY,DEW Line Rd,69.158205,-105.190377,,,,,,,,,,Sweep net,,,CBAY0050,August 1 2024
KBIMP_003_G2,O. Colman,2,Canada,Nunavut,Kitikmeot,CBAY,DEW Line Rd,69.158205,-105.190377,,,,,,,,,,Sweep net,,,CBAY0050,August 1 2024
KBIMP_003_G3,O. Colman,2,Canada,Nunavut,Kitikmeot,CBAY,DEW Line Rd,69.158205,-105.190377,,,,,,,,,,Sweep net,,,CBAY0050,August 1 2024
KBIMP_003_H5,O. Colman,2,Canada,Nunavut,Kitikmeot,CBAY,DEW Line Rd,69.167666,-105.195481,,,,,,,,,,Sweep net,,,CBAY0044,August 1 2024
KBIMP-_005_F7,D. Nowosad and O. Colman,2,Canada,Nunavut,Kitikmeot,CBAY,DEW Line Road ,69.132477,-104.988683,,,,,,,,,,Malaise Trap,,,CBAY0027,July 25-August 1 2024
KBIMP-_005_F8,D. Nowosad and O. Colman,2,Canada,Nunavut,Kitikmeot,CBAY,DEW Line Road ,69.132477,-104.988683,,,,,,,,,,Malaise Trap,,,CBAY0027,July 25-August 1 2024
KBIMP-_005_F9,D. Nowosad and O. Colman,2,Canada,Nunavut,Kitikmeot,CBAY,DEW Line Road ,69.132477,-104.988683,,,,,,,,,,Malaise Trap,,,CBAY0027,July 25-August 1 2024
KBIMP-_005_F10,D. Nowosad and O. Colman,2,Canada,Nunavut,Kitikmeot,CBAY,DEW Line Road ,69.132477,-104.988683,,,,,,,,,,Malaise Trap,,,CBAY0027,July 25-August 1 2024
KBIMP-_005_F11,D. Nowosad and O. Colman,2,Canada,Nunavut,Kitikmeot,CBAY,DEW Line Road ,69.132477,-104.988683,,,,,,,,,,Malaise Trap,,,CBAY0027,July 25-August 1 2024
KBIMP-_005_F12,D. Nowosad and O. Colman,2,Canada,Nunavut,Kitikmeot,CBAY,DEW Line Road ,69.132477,-104.988683,,,,,,,,,,Malaise Trap,,,CBAY0027,July 25-August 1 2024
KBIMP-_005_G1,D. Nowosad and O. Colman,2,Canada,Nunavut,Kitikmeot,CBAY,DEW Line Road ,69.132477,-104.988683,,,,,,,,,,Malaise Trap,,,CBAY0027,July 25-August 1 2024
KBIMP-_005_G2,D. Nowosad and O. Colman,2,Canada,Nunavut,Kitikmeot,CBAY,DEW Line Road ,69.132477,-104.988683,,,,,,,,,,Malaise Trap,,,CBAY0027,July 25-August 1 2024
KBIMP-_005_G3,D. Nowosad and O. Colman,2,Canada,Nunavut,Kitikmeot,CBAY,DEW Line Road ,69.132477,-104.988683,,,,,,,,,,Malaise Trap,,,CBAY0027,July 25-August 1 2024
KBIMP-_005_G4,D. Nowosad and O. Colman,2,Canada,Nunavut,Kitikmeot,CBAY,DEW Line Road ,69.132477,-104.988683,,,,,,,,,,Malaise Trap,,,CBAY0027,July 25-August 1 2024
KBIMP-_005_G5,D. Nowosad and O. Colman,2,Canada,Nunavut,Kitikmeot,CBAY,DEW Line Road ,69.132477,-104.988683,,,,,,,,,,Malaise Trap,,,CBAY0027,July 25-August 1 2024
KBIMP-_005_G6,D. Nowosad and O. Colman,2,Canada,Nunavut,Kitikmeot,CBAY,DEW Line Road ,69.132477,-104.988683,,,,,,,,,,Malaise Trap,,,CBAY0027,July 25-August 1 2024
KBIMP-_005_G7,D. Nowosad and O. Colman,2,Canada,Nunavut,Kitikmeot,CBAY,DEW Line Road ,69.132477,-104.988683,,,,,,,,,,Malaise Trap,,,CBAY0027,July 25-August 1 2024
KBIMP-_005_G8,D. Nowosad and O. Colman,2,Canada,Nunavut,Kitikmeot,CBAY,DEW Line Road ,69.132477,-104.988683,,,,,,,,,,Malaise Trap,,,CBAY0027,July 25-August 1 2024
KBIMP-_005_G9,D. Nowosad and O. Colman,2,Canada,Nunavut,Kitikmeot,CBAY,DEW Line Road ,69.132477,-104.988683,,,,,,,,,,Malaise Trap,,,CBAY0027,July 25-August 1 2024
KBIMP-_005_G10,D. Nowosad and O. Colman,2,Canada,Nunavut,Kitikmeot,CBAY,DEW Line Road ,69.132477,-104.988683,,,,,,,,,,Malaise Trap,,,CBAY0027,July 25-August 1 2024
KBIMP-_005_G11,D. Nowosad and O. Colman,2,Canada,Nunavut,Kitikmeot,CBAY,DEW Line Road ,69.132477,-104.988683,,,,,,,,,,Malaise Trap,,,CBAY0027,July 25-August 1 2024
KBIMP-_005_G12,D. Nowosad and O. Colman,2,Canada,Nunavut,Kitikmeot,CBAY,DEW Line Road ,69.132477,-104.988683,,,,,,,,,,Malaise Trap,,,CBAY0027,July 25-August 1 2024
KBIMP-_005_H1,D. Nowosad and O. Colman,2,Canada,Nunavut,Kitikmeot,CBAY,DEW Line Road ,69.132477,-104.988683,,,,,,,,,,Malaise Trap,,,CBAY0027,July 25-August 1 2024
KBIMP-_005_H2,D. Nowosad and O. Colman,2,Canada,Nunavut,Kitikmeot,CBAY,DEW Line Road ,69.132477,-104.988683,,,,,,,,,,Malaise Trap,,,CBAY0027,July 25-August 1 2024
KBIMP_002_H7,O. Colman,2,Canada,Nunavut,Kitikmeot,CBAY,Freshwater river by picnic area resample ,69.132277,-104.98813,,,,,,,,,,Sweep net,,,CBAY0060,August 2 2024
KBIMP_002_H8,O. Colman,2,Canada,Nunavut,Kitikmeot,CBAY,Freshwater river by picnic area resample ,69.132277,-104.98813,,,,,,,,,,Sweep net,,,CBAY0060,August 2 2024
KBIMP_002_H9,O. Colman,2,Canada,Nunavut,Kitikmeot,CBAY,Freshwater river by picnic area resample ,69.132277,-104.98813,,,,,,,,,,Sweep net,,,CBAY0060,August 2 2024
KBIMP_002_H10,O. Colman,2,Canada,Nunavut,Kitikmeot,CBAY,Freshwater river by picnic area resample ,69.132277,-104.98813,,,,,,,,,,Sweep net,,,CBAY0060,August 2 2024
KBIMP_002_H11,O. Colman,2,Canada,Nunavut,Kitikmeot,CBAY,Freshwater river by picnic area resample ,69.132277,-104.98813,,,,,,,,,,Sweep net,,,CBAY0060,August 2 2024
KBIMP_003_A1,O. Colman,2,Canada,Nunavut,Kitikmeot,CBAY,Freshwater river by picnic area resample ,69.132277,-104.98813,,,,,,,,,,Sweep net,,,CBAY0060,August 2 2024
KBIMP_003_A2,O. Colman,2,Canada,Nunavut,Kitikmeot,CBAY,Freshwater river by picnic area resample ,69.132277,-104.98813,,,,,,,,,,Sweep net,,,CBAY0060,August 2 2024
KBIMP_003_A3,O. Colman,2,Canada,Nunavut,Kitikmeot,CBAY,Freshwater river by picnic area resample ,69.132277,-104.98813,,,,,,,,,,Sweep net,,,CBAY0060,August 2 2024
KBIMP_003_A4,O. Colman,2,Canada,Nunavut,Kitikmeot,CBAY,Freshwater river by picnic area resample ,69.132277,-104.98813,,,,,,,,,,Sweep net,,,CBAY0060,August 2 2024
KBIMP_003_A5,O. Colman,2,Canada,Nunavut,Kitikmeot,CBAY,Freshwater river by picnic area resample ,69.132277,-104.98813,,,,,,,,,,Sweep net,,,CBAY0060,August 2 2024
KBIMP_003_A6,O. Colman,2,Canada,Nunavut,Kitikmeot,CBAY,Freshwater river by picnic area resample ,69.132277,-104.98813,,,,,,,,,,Sweep net,,,CBAY0060,August 2 2024
KBIMP_003_A7,O. Colman,2,Canada,Nunavut,Kitikmeot,CBAY,Freshwater river by picnic area resample ,69.132277,-104.98813,,,,,,,,,,Sweep net,,,CBAY0060,August 2 2024
KBIMP_003_A8,O. Colman,2,Canada,Nunavut,Kitikmeot,CBAY,Freshwater river by picnic area resample ,69.132277,-104.98813,,,,,,,,,,Sweep net,,,CBAY0060,August 2 2024
KBIMP_004_H11,O. Colman,2,Canada,Nunavut,Kitikmeot,CBAY,S of pelly Rd near swimming hole ,69.128939,-104.99419,,,,,,,,,,Sweep net ,,,CBAY0035,Aug 2 2024
KBIMP-_005_D1,O. Colman,2,Canada,Nunavut,Kitikmeot,CBAY,S of pelly Rd near swimming hole ,69.128939,-104.99419,,,,,,,,,,Sweep net ,,,CBAY0035,Aug 2 2024
KBIMP-_005_D2,O. Colman,2,Canada,Nunavut,Kitikmeot,CBAY,S of pelly Rd near swimming hole ,69.128939,-104.99419,,,,,,,,,,Sweep net ,,,CBAY0035,Aug 2 2024
KBIMP-_005_D3,O. Colman,2,Canada,Nunavut,Kitikmeot,CBAY,S of pelly Rd near swimming hole ,69.128939,-104.99419,,,,,,,,,,Sweep net ,,,CBAY0035,Aug 2 2024
KBIMP-_005_D4,O. Colman,2,Canada,Nunavut,Kitikmeot,CBAY,S of pelly Rd near swimming hole ,69.128939,-104.99419,,,,,,,,,,Sweep net ,,,CBAY0035,Aug 2 2024
KBIMP-_005_D5,O. Colman,2,Canada,Nunavut,Kitikmeot,CBAY,S of pelly Rd near swimming hole ,69.128939,-104.99419,,,,,,,,,,Sweep net ,,,CBAY0035,Aug 2 2024
KBIMP-_005_D6,O. Colman,2,Canada,Nunavut,Kitikmeot,CBAY,S of pelly Rd near swimming hole ,69.128939,-104.99419,,,,,,,,,,Sweep net ,,,CBAY0035,Aug 2 2024
KBIMP-_005_D7,O. Colman,2,Canada,Nunavut,Kitikmeot,CBAY,S of pelly Rd near swimming hole ,69.128939,-104.99419,,,,,,,,,,Sweep net ,,,CBAY0035,Aug 2 2024
KBIMP-_005_D8,O. Colman,2,Canada,Nunavut,Kitikmeot,CBAY,S of pelly Rd near swimming hole ,69.128939,-104.99419,,,,,,,,,,Sweep net ,,,CBAY0035,Aug 2 2024
KBIMP-_005_D9,O. Colman,2,Canada,Nunavut,Kitikmeot,CBAY,S of pelly Rd near swimming hole ,69.128939,-104.99419,,,,,,,,,,Sweep net ,,,CBAY0035,Aug 2 2024
KBIMP-_005_D10,O. Colman,2,Canada,Nunavut,Kitikmeot,CBAY,S of pelly Rd near swimming hole ,69.128939,-104.99419,,,,,,,,,,Sweep net ,,,CBAY0035,Aug 2 2024
KBIMP-_005_D11,O. Colman,2,Canada,Nunavut,Kitikmeot,CBAY,S of pelly Rd near swimming hole ,69.128939,-104.99419,,,,,,,,,,Sweep net ,,,CBAY0035,Aug 2 2024
KBIMP-_005_D12,O. Colman,2,Canada,Nunavut,Kitikmeot,CBAY,S of pelly Rd near swimming hole ,69.128939,-104.99419,,,,,,,,,,Sweep net ,,,CBAY0035,Aug 2 2024
KBIMP-_005_E1,O. Colman,2,Canada,Nunavut,Kitikmeot,CBAY,S of pelly Rd near swimming hole ,69.128939,-104.99419,,,,,,,,,,Sweep net ,,,CBAY0035,Aug 2 2024
KBIMP-_005_E2,O. Colman,2,Canada,Nunavut,Kitikmeot,CBAY,S of pelly Rd near swimming hole ,69.128939,-104.99419,,,,,,,,,,Sweep net ,,,CBAY0035,Aug 2 2024
KBIMP-_005_E3,O. Colman,2,Canada,Nunavut,Kitikmeot,CBAY,S of pelly Rd near swimming hole ,69.128939,-104.99419,,,,,,,,,,Sweep net ,,,CBAY0035,Aug 2 2024
KBIMP-_005_E4,O. Colman,2,Canada,Nunavut,Kitikmeot,CBAY,S of pelly Rd near swimming hole ,69.128939,-104.99419,,,,,,,,,,Sweep net ,,,CBAY0035,Aug 2 2024
KBIMP-_005_E5,O. Colman,2,Canada,Nunavut,Kitikmeot,CBAY,S of pelly Rd near swimming hole ,69.128939,-104.99419,,,,,,,,,,Sweep net ,,,CBAY0035,Aug 2 2024
KBIMP-_005_E6,O. Colman,2,Canada,Nunavut,Kitikmeot,CBAY,S of pelly Rd near swimming hole ,69.128939,-104.99419,,,,,,,,,,Sweep net ,,,CBAY0035,Aug 2 2024
KBIMP-_005_E7,O. Colman,2,Canada,Nunavut,Kitikmeot,CBAY,S of pelly Rd near swimming hole ,69.128939,-104.99419,,,,,,,,,,Sweep net ,,,CBAY0035,Aug 2 2024
KBIMP-_006_C8,O. Colman,2,Canada,Nunavut,Kitikmeot,CBAY,Freshwater river,69.14312,-104.941323,,,,,,,,,,Sweep net,,,CBAY0055,02-Aug-25
KBIMP-_006_C9,O. Colman,2,Canada,Nunavut,Kitikmeot,CBAY,Freshwater river,69.14312,-104.941323,,,,,,,,,,Sweep net,,,CBAY0055,02-Aug-25
KBIMP-_006_C10,O. Colman,2,Canada,Nunavut,Kitikmeot,CBAY,Freshwater river,69.14312,-104.941323,,,,,,,,,,Sweep net,,,CBAY0055,02-Aug-25
KBIMP-_006_C11,O. Colman,2,Canada,Nunavut,Kitikmeot,CBAY,Freshwater river,69.14312,-104.941323,,,,,,,,,,Sweep net,,,CBAY0055,02-Aug-25
KBIMP-_006_C12,O. Colman,2,Canada,Nunavut,Kitikmeot,CBAY,Freshwater river,69.14312,-104.941323,,,,,,,,,,Sweep net,,,CBAY0055,02-Aug-25
KBIMP-_006_D1,O. Colman,2,Canada,Nunavut,Kitikmeot,CBAY,Freshwater river,69.14312,-104.941323,,,,,,,,,,Sweep net,,,CBAY0055,02-Aug-25
KBIMP-_006_D2,O. Colman,2,Canada,Nunavut,Kitikmeot,CBAY,Freshwater river,69.14312,-104.941323,,,,,,,,,,Sweep net,,,CBAY0055,02-Aug-25
KBIMP-_006_D3,O. Colman,2,Canada,Nunavut,Kitikmeot,CBAY,Freshwater river,69.14312,-104.941323,,,,,,,,,,Sweep net,,,CBAY0055,02-Aug-25
KBIMP-_006_D4,O. Colman,2,Canada,Nunavut,Kitikmeot,CBAY,Freshwater river,69.14312,-104.941323,,,,,,,,,,Sweep net,,,CBAY0055,02-Aug-25
KBIMP-_006_D5,O. Colman,2,Canada,Nunavut,Kitikmeot,CBAY,Freshwater river,69.14312,-104.941323,,,,,,,,,,Sweep net,,,CBAY0055,02-Aug-25
KBIMP-_006_D6,O. Colman,2,Canada,Nunavut,Kitikmeot,CBAY,Freshwater river,69.14312,-104.941323,,,,,,,,,,Sweep net,,,CBAY0055,02-Aug-25
KBIMP-_006_G1,O. Colman,2,Canada,Nunavut,Kitikmeot,CBAY,Freshwater river,69.14312,-104.941323,,,,,,,,,,Sweep net,,,CBAY0055,02-Aug-25
KBIMP_003_G5,O. Colman,2,Canada,Nunavut,Kitikmeot,CBAY,West arm/gravel pit near sea,69.090294,-105.225557,,,,,,,,,,Sweep net,,,CBAY0069,August 3 2024
KBIMP_003_G6,O. Colman,2,Canada,Nunavut,Kitikmeot,CBAY,West arm/gravel pit near sea,69.090294,-105.225557,,,,,,,,,,Sweep net,,,CBAY0069,August 3 2024
KBIMP_002_F12,O. Colman,3,Canada,Nunavut,Kitikmeot,CBAY,Past old town,69.11194444,-104.9858333,,,,,,,,,,Sweep net,,,CBAY0066,August 5 2024
KBIMP_002_G1,O. Colman,3,Canada,Nunavut,Kitikmeot,CBAY,Past old town,69.11194444,-104.9858333,,,,,,,,,,Sweep net,,,CBAY0066,August 5 2024
KBIMP_002_G2,O. Colman,3,Canada,Nunavut,Kitikmeot,CBAY,2nd Culvert Pelly Road,69.17888889,-104.8227778,,,,,,,,,,Sweep net,,,CBAY0072,August 5 2024
KBIMP_002_G3,O. Colman,3,Canada,Nunavut,Kitikmeot,CBAY,2nd Culvert Pelly Road,69.17888889,-104.8227778,,,,,,,,,,Sweep net,,,CBAY0072,August 5 2024
KBIMP_002_G4,O. Colman,3,Canada,Nunavut,Kitikmeot,CBAY,2nd Culvert Pelly Road,69.17888889,-104.8227778,,,,,,,,,,Sweep net,,,CBAY0072,August 5 2024
KBIMP_002_G5,O. Colman,3,Canada,Nunavut,Kitikmeot,CBAY,2nd Culvert Pelly Road,69.17888889,-104.8227778,,,,,,,,,,Sweep net,,,CBAY0072,August 5 2024
KBIMP_002_G6,O. Colman,3,Canada,Nunavut,Kitikmeot,CBAY,2nd Culvert Pelly Road,69.17888889,-104.8227778,,,,,,,,,,Sweep net,,,CBAY0072,August 5 2024
KBIMP_002_G7,O. Colman,3,Canada,Nunavut,Kitikmeot,CBAY,2nd Culvert Pelly Road,69.17888889,-104.8227778,,,,,,,,,,Sweep net,,,CBAY0072,August 5 2024
KBIMP_002_G8,O. Colman,3,Canada,Nunavut,Kitikmeot,CBAY,2nd Culvert Pelly Road,69.17888889,-104.8227778,,,,,,,,,,Sweep net,,,CBAY0072,August 5 2024
KBIMP_003_C1,O. Colman,3,Canada,Nunavut,Kitikmeot,CBAY,Creek South of Pelly Road,69.12861111,-104.9897222,,,,,,,,,,Sweep net,,,CBAY0062,August 5 2024
KBIMP_003_C2,O. Colman,3,Canada,Nunavut,Kitikmeot,CBAY,Creek South of Pelly Road,69.12861111,-104.9897222,,,,,,,,,,Sweep net,,,CBAY0062,August 5 2024
KBIMP_003_C3,O. Colman,3,Canada,Nunavut,Kitikmeot,CBAY,Creek South of Pelly Road,69.12861111,-104.9897222,,,,,,,,,,Sweep net,,,CBAY0062,August 5 2024
KBIMP_003_C4,O. Colman,3,Canada,Nunavut,Kitikmeot,CBAY,Creek South of Pelly Road,69.12861111,-104.9897222,,,,,,,,,,Sweep net,,,CBAY0062,August 5 2024
KBIMP_003_C5,O. Colman,3,Canada,Nunavut,Kitikmeot,CBAY,Creek South of Pelly Road,69.12861111,-104.9897222,,,,,,,,,,Sweep net,,,CBAY0062,August 5 2024
KBIMP_003_C6,O. Colman,3,Canada,Nunavut,Kitikmeot,CBAY,Gravel pit,69.096233,-105.274631,,,,,,,,,,Sweep net,,,CBAY0067,August 3 2024
KBIMP_003_C7,O. Colman,3,Canada,Nunavut,Kitikmeot,CBAY,Between first lake and Grenier,69.20527778,-104.7755556,,,,,,,,,,Sweep net,,,CBAY0073,August 5 2024
KBIMP_003_C8,O. Colman,3,Canada,Nunavut,Kitikmeot,CBAY,Between first lake and Grenier,69.20527778,-104.7755556,,,,,,,,,,Sweep net,,,CBAY0073,August 5 2024
KBIMP_003_C9,O. Colman,3,Canada,Nunavut,Kitikmeot,CBAY,Between first lake and Grenier,69.20527778,-104.7755556,,,,,,,,,,Sweep net,,,CBAY0073,August 5 2024
KBIMP_003_C10,O. Colman,3,Canada,Nunavut,Kitikmeot,CBAY,Between first lake and Grenier,69.20527778,-104.7755556,,,,,,,,,,Sweep net,,,CBAY0073,August 5 2024
KBIMP_003_C11,O. Colman,3,Canada,Nunavut,Kitikmeot,CBAY,Between first lake and Grenier,69.20527778,-104.7755556,,,,,,,,,,Sweep net,,,CBAY0073,August 5 2024
KBIMP_003_C12,O. Colman,3,Canada,Nunavut,Kitikmeot,CBAY,Between first lake and Grenier,69.20527778,-104.7755556,,,,,,,,,,Sweep net,,,CBAY0073,August 5 2024
KBIMP_003_D1,O. Colman,3,Canada,Nunavut,Kitikmeot,CBAY,Between first lake and Grenier,69.20527778,-104.7755556,,,,,,,,,,Sweep net,,,CBAY0073,August 5 2024
KBIMP_003_D2,O. Colman,3,Canada,Nunavut,Kitikmeot,CBAY,Between first lake and Grenier,69.20527778,-104.7755556,,,,,,,,,,Sweep net,,,CBAY0073,August 5 2024
KBIMP_003_D3,O. Colman,3,Canada,Nunavut,Kitikmeot,CBAY,Between first lake and Grenier,69.20527778,-104.7755556,,,,,,,,,,Sweep net,,,CBAY0073,August 5 2024
KBIMP_003_D4,O. Colman,3,Canada,Nunavut,Kitikmeot,CBAY,Between first lake and Grenier,69.20527778,-104.7755556,,,,,,,,,,Sweep net,,,CBAY0073,August 5 2024
KBIMP_003_G7,D. Nowosad,3,Canada,Nunavut,Kitikmeot,CBAY,Freshwater river Pelly Rd,69.14305556,-104.9475,,,,,,,,,,Sweep net,,,CBAY0071,August 5 2024
KBIMP_003_G8,D. Nowosad,3,Canada,Nunavut,Kitikmeot,CBAY,Freshwater river Pelly Rd,69.14305556,-104.9475,,,,,,,,,,Sweep net,,,CBAY0071,August 5 2024
KBIMP_003_G9,D. Nowosad,3,Canada,Nunavut,Kitikmeot,CBAY,Freshwater river Pelly Rd,69.14305556,-104.9475,,,,,,,,,,Sweep net,,,CBAY0071,August 5 2024
KBIMP_003_G10,D. Nowosad,3,Canada,Nunavut,Kitikmeot,CBAY,Freshwater river Pelly Rd,69.14305556,-104.9475,,,,,,,,,,Sweep net,,,CBAY0071,August 5 2024
KBIMP_003_G11,D. Nowosad,3,Canada,Nunavut,Kitikmeot,CBAY,Freshwater river Pelly Rd,69.14305556,-104.9475,,,,,,,,,,Sweep net,,,CBAY0071,August 5 2024
KBIMP_003_G12,D. Nowosad,3,Canada,Nunavut,Kitikmeot,CBAY,Freshwater river Pelly Rd,69.14305556,-104.9475,,,,,,,,,,Sweep net,,,CBAY0071,August 5 2024
KBIMP_003_H1,D. Nowosad,3,Canada,Nunavut,Kitikmeot,CBAY,Freshwater river Pelly Rd,69.14305556,-104.9475,,,,,,,,,,Sweep net,,,CBAY0071,August 5 2024
KBIMP_003_H2,D. Nowosad,3,Canada,Nunavut,Kitikmeot,CBAY,Freshwater river Pelly Rd,69.14305556,-104.9475,,,,,,,,,,Sweep net,,,CBAY0071,August 5 2024
KBIMP_003_H3,D. Nowosad,3,Canada,Nunavut,Kitikmeot,CBAY,Freshwater river Pelly Rd,69.14305556,-104.9475,,,,,,,,,,Sweep net,,,CBAY0071,August 5 2024
KBIMP_003_H4,D. Nowosad,3,Canada,Nunavut,Kitikmeot,CBAY,Freshwater river Pelly Rd,69.14305556,-104.9475,,,,,,,,,,Sweep net,,,CBAY0071,August 5 2024
KBIMP-_005_B4,D. Nowosad,3,Canada,Nunavut,Kitikmeot,CBAY,Freshwater river Pelly Rd,69.14305556,-104.9475,,,,,,,,,,Sweep net,,,CBAY0071,August 5 2024
KBIMP-_005_B5,D. Nowosad,3,Canada,Nunavut,Kitikmeot,CBAY,Freshwater river Pelly Rd,69.14305556,-104.9475,,,,,,,,,,Sweep net,,,CBAY0071,August 5 2024
KBIMP-_005_B6,D. Nowosad,3,Canada,Nunavut,Kitikmeot,CBAY,Freshwater river Pelly Rd,69.14305556,-104.9475,,,,,,,,,,Sweep net,,,CBAY0071,August 5 2024
KBIMP-_005_B7,D. Nowosad,3,Canada,Nunavut,Kitikmeot,CBAY,Freshwater river Pelly Rd,69.14305556,-104.9475,,,,,,,,,,Sweep net,,,CBAY0071,August 5 2024
KBIMP-_005_B8,D. Nowosad,3,Canada,Nunavut,Kitikmeot,CBAY,Freshwater river Pelly Rd,69.14305556,-104.9475,,,,,,,,,,Sweep net,,,CBAY0071,August 5 2024
KBIMP-_005_B9,D. Nowosad,3,Canada,Nunavut,Kitikmeot,CBAY,Freshwater river Pelly Rd,69.14305556,-104.9475,,,,,,,,,,Sweep net,,,CBAY0071,August 5 2024
KBIMP-_005_B10,D. Nowosad,3,Canada,Nunavut,Kitikmeot,CBAY,Freshwater river Pelly Rd,69.14305556,-104.9475,,,,,,,,,,Sweep net,,,CBAY0071,August 5 2024
KBIMP-_005_B11,D. Nowosad,3,Canada,Nunavut,Kitikmeot,CBAY,Freshwater river Pelly Rd,69.14305556,-104.9475,,,,,,,,,,Sweep net,,,CBAY0071,August 5 2024
KBIMP-_005_B12,D. Nowosad,3,Canada,Nunavut,Kitikmeot,CBAY,Freshwater river Pelly Rd,69.14305556,-104.9475,,,,,,,,,,Sweep net,,,CBAY0071,August 5 2024
KBIMP-_005_H3,D. Nowosad and O. Colman,3,Canada,Nunavut,Kitikmeot,CBAY,Creek south of Pelly Rd,69.128611,-104.987222,,,,,,,,,,Malaise Trap,,,CBAY0034,July 29 - August 5 2024
KBIMP-_005_H4,D. Nowosad and O. Colman,3,Canada,Nunavut,Kitikmeot,CBAY,Creek south of Pelly Rd,69.128611,-104.987222,,,,,,,,,,Malaise Trap,,,CBAY0034,July 29 - August 5 2024
KBIMP-_005_H5,D. Nowosad and O. Colman,3,Canada,Nunavut,Kitikmeot,CBAY,Creek south of Pelly Rd,69.128611,-104.987222,,,,,,,,,,Malaise Trap,,,CBAY0034,July 29 - August 5 2024
KBIMP-_005_H6,D. Nowosad and O. Colman,3,Canada,Nunavut,Kitikmeot,CBAY,Creek south of Pelly Rd,69.128611,-104.987222,,,,,,,,,,Malaise Trap,,,CBAY0034,July 29 - August 5 2024
KBIMP-_005_H7,D. Nowosad and O. Colman,3,Canada,Nunavut,Kitikmeot,CBAY,Creek south of Pelly Rd,69.128611,-104.987222,,,,,,,,,,Malaise Trap,,,CBAY0034,July 29 - August 5 2024
KBIMP-_005_H8,D. Nowosad and O. Colman,3,Canada,Nunavut,Kitikmeot,CBAY,Creek south of Pelly Rd,69.128611,-104.987222,,,,,,,,,,Malaise Trap,,,CBAY0034,July 29 - August 5 2024
KBIMP-_005_H9,D. Nowosad and O. Colman,3,Canada,Nunavut,Kitikmeot,CBAY,Creek south of Pelly Rd,69.128611,-104.987222,,,,,,,,,,Malaise Trap,,,CBAY0034,July 29 - August 5 2024
KBIMP-_005_H10,D. Nowosad and O. Colman,3,Canada,Nunavut,Kitikmeot,CBAY,Creek south of Pelly Rd,69.128611,-104.987222,,,,,,,,,,Malaise Trap,,,CBAY0034,July 29 - August 5 2024
KBIMP-_005_H11,D. Nowosad and O. Colman,3,Canada,Nunavut,Kitikmeot,CBAY,Creek south of Pelly Rd,69.128611,-104.987222,,,,,,,,,,Malaise Trap,,,CBAY0034,July 29 - August 5 2024
KBIMP-_006_A1,D. Nowosad and O. Colman,3,Canada,Nunavut,Kitikmeot,CBAY,Creek south of Pelly Rd,69.128611,-104.987222,,,,,,,,,,Malaise Trap,,,CBAY0034,July 29 - August 5 2024
KBIMP-_006_A2,D. Nowosad and O. Colman,3,Canada,Nunavut,Kitikmeot,CBAY,Creek south of Pelly Rd,69.128611,-104.987222,,,,,,,,,,Malaise Trap,,,CBAY0034,July 29 - August 5 2024
KBIMP-_006_A3,D. Nowosad and O. Colman,3,Canada,Nunavut,Kitikmeot,CBAY,Creek south of Pelly Rd,69.128611,-104.987222,,,,,,,,,,Malaise Trap,,,CBAY0034,July 29 - August 5 2024
KBIMP-_006_A4,D. Nowosad and O. Colman,3,Canada,Nunavut,Kitikmeot,CBAY,Creek south of Pelly Rd,69.128611,-104.987222,,,,,,,,,,Malaise Trap,,,CBAY0034,July 29 - August 5 2024
KBIMP-_006_A5,D. Nowosad and O. Colman,3,Canada,Nunavut,Kitikmeot,CBAY,Creek south of Pelly Rd,69.128611,-104.987222,,,,,,,,,,Malaise Trap,,,CBAY0034,July 29 - August 5 2024
KBIMP-_006_A6,D. Nowosad and O. Colman,3,Canada,Nunavut,Kitikmeot,CBAY,Creek south of Pelly Rd,69.128611,-104.987222,,,,,,,,,,Malaise Trap,,,CBAY0034,July 29 - August 5 2024
KBIMP-_006_A7,D. Nowosad and O. Colman,3,Canada,Nunavut,Kitikmeot,CBAY,Creek south of Pelly Rd,69.128611,-104.987222,,,,,,,,,,Malaise Trap,,,CBAY0034,July 29 - August 5 2024
KBIMP-_006_A8,D. Nowosad and O. Colman,3,Canada,Nunavut,Kitikmeot,CBAY,Creek south of Pelly Rd,69.128611,-104.987222,,,,,,,,,,Malaise Trap,,,CBAY0034,July 29 - August 5 2024
KBIMP-_006_A9,D. Nowosad and O. Colman,3,Canada,Nunavut,Kitikmeot,CBAY,Creek south of Pelly Rd,69.128611,-104.987222,,,,,,,,,,Malaise Trap,,,CBAY0034,July 29 - August 5 2024
KBIMP-_006_A10,D. Nowosad and O. Colman,3,Canada,Nunavut,Kitikmeot,CBAY,Creek south of Pelly Rd,69.128611,-104.987222,,,,,,,,,,Malaise Trap,,,CBAY0034,July 29 - August 5 2024
KBIMP-_006_A11,D. Nowosad and O. Colman,3,Canada,Nunavut,Kitikmeot,CBAY,Creek south of Pelly Rd,69.128611,-104.987222,,,,,,,,,,Malaise Trap,,,CBAY0034,July 29 - August 5 2024
KBIMP-_006_F3,D. Nowosad/O.Colman,3,Canada,Nunavut,Kitikmeot,CBAY,Between 1st lake and Grenier,69.20535,-104.17646,,,,,,,,,,Malaise Trap,,,CBAY0042,July 29 - August 5 2024
KBIMP-_006_F4,D. Nowosad/O.Colman,3,Canada,Nunavut,Kitikmeot,CBAY,Between 1st lake and Grenier,69.20535,-104.17646,,,,,,,,,,Malaise Trap,,,CBAY0042,July 29 - August 5 2024
KBIMP-_006_F5,D. Nowosad/O.Colman,3,Canada,Nunavut,Kitikmeot,CBAY,Between 1st lake and Grenier,69.20535,-104.17646,,,,,,,,,,Malaise Trap,,,CBAY0042,July 29 - August 5 2024
KBIMP-_006_F6,D. Nowosad/O.Colman,3,Canada,Nunavut,Kitikmeot,CBAY,Between 1st lake and Grenier,69.20535,-104.17646,,,,,,,,,,Malaise Trap,,,CBAY0042,July 29 - August 5 2024
KBIMP-_006_F7,D. Nowosad/O.Colman,3,Canada,Nunavut,Kitikmeot,CBAY,Between 1st lake and Grenier,69.20535,-104.17646,,,,,,,,,,Malaise Trap,,,CBAY0042,July 29 - August 5 2024
KBIMP-_006_F8,D. Nowosad/O.Colman,3,Canada,Nunavut,Kitikmeot,CBAY,Between 1st lake and Grenier,69.20535,-104.17646,,,,,,,,,,Malaise Trap,,,CBAY0042,July 29 - August 5 2024
KBIMP-_006_F9,D. Nowosad/O.Colman,3,Canada,Nunavut,Kitikmeot,CBAY,Between 1st lake and Grenier,69.20535,-104.17646,,,,,,,,,,Malaise Trap,,,CBAY0042,July 29 - August 5 2024
KBIMP-_006_F10,D. Nowosad/O.Colman,3,Canada,Nunavut,Kitikmeot,CBAY,Between 1st lake and Grenier,69.20535,-104.17646,,,,,,,,,,Malaise Trap,,,CBAY0042,July 29 - August 5 2024
KBIMP-_006_F11,D. Nowosad/O.Colman,3,Canada,Nunavut,Kitikmeot,CBAY,Between 1st lake and Grenier,69.20535,-104.17646,,,,,,,,,,Malaise Trap,,,CBAY0042,July 29 - August 5 2024
KBIMP-_006_F12,D. Nowosad/O.Colman,3,Canada,Nunavut,Kitikmeot,CBAY,Between 1st lake and Grenier,69.20535,-104.17646,,,,,,,,,,Malaise Trap,,,CBAY0042,July 29 - August 5 2024
KBIMP_002_G9,O. Colman,3,Canada,Nunavut,Kitikmeot,CBAY,DEW Line Rd Freshwater Creek,69.121222,-105.0415298,,,,,,,,,,Sweep net,,,CBAY0065,August 7 2024
KBIMP_002_G10,O. Colman,3,Canada,Nunavut,Kitikmeot,CBAY,DEW Line Rd Freshwater Creek,69.121222,-105.0415298,,,,,,,,,,Sweep net,,,CBAY0065,August 7 2024
KBIMP_002_G11,O. Colman,3,Canada,Nunavut,Kitikmeot,CBAY,DEW Line Rd Freshwater Creek,69.121222,-105.0415298,,,,,,,,,,Sweep net,,,CBAY0065,August 7 2024
KBIMP_002_G12,O. Colman,3,Canada,Nunavut,Kitikmeot,CBAY,DEW Line Rd Freshwater Creek,69.121222,-105.0415298,,,,,,,,,,Sweep net,,,CBAY0065,August 7 2024
KBIMP_002_H1,O. Colman,3,Canada,Nunavut,Kitikmeot,CBAY,DEW Line Rd Freshwater Creek,69.121222,-105.0415298,,,,,,,,,,Sweep net,,,CBAY0065,August 7 2024
KBIMP_002_H2,O. Colman,3,Canada,Nunavut,Kitikmeot,CBAY,DEW Line Rd Freshwater Creek,69.121222,-105.0415298,,,,,,,,,,Sweep net,,,CBAY0065,August 7 2024
KBIMP_002_H3,O. Colman,3,Canada,Nunavut,Kitikmeot,CBAY,DEW Line Rd Freshwater Creek,69.121222,-105.0415298,,,,,,,,,,Sweep net,,,CBAY0065,August 7 2024
KBIMP_002_H4,O. Colman,3,Canada,Nunavut,Kitikmeot,CBAY,DEW Line Rd Freshwater Creek,69.121222,-105.0415298,,,,,,,,,,Sweep net,,,CBAY0065,August 7 2024
KBIMP_002_H5,O. Colman,3,Canada,Nunavut,Kitikmeot,CBAY,DEW Line Rd Freshwater Creek,69.121222,-105.0415298,,,,,,,,,,Sweep net,,,CBAY0065,August 7 2024
KBIMP_002_H6,O. Colman,3,Canada,Nunavut,Kitikmeot,CBAY,DEW Line Rd Freshwater Creek,69.121222,-105.0415298,,,,,,,,,,Sweep net,,,CBAY0065,August 7 2024
KBIMP_003_A9,O. Colman,3,Canada,Nunavut,Kitikmeot,CBAY,DEW Line Rd,69.19088,-105.127378,,,,,,,,,,Sweep net,,,CBAY0070,August 7 2024
KBIMP_003_A10,O. Colman,3,Canada,Nunavut,Kitikmeot,CBAY,DEW Line Rd,69.19088,-105.127378,,,,,,,,,,Sweep net,,,CBAY0070,August 7 2024
KBIMP_003_A11,O. Colman,3,Canada,Nunavut,Kitikmeot,CBAY,DEW Line Rd,69.19088,-105.127378,,,,,,,,,,Sweep net,,,CBAY0070,August 7 2024
KBIMP_003_A12,O. Colman,3,Canada,Nunavut,Kitikmeot,CBAY,1st creek/the ravine,69.132866,-105.46373,,,,,,,,,,Sweep net,,,CBAY0078,August 7 2024
KBIMP_003_B1,O. Colman,3,Canada,Nunavut,Kitikmeot,CBAY,1st creek/the ravine,69.132866,-105.46373,,,,,,,,,,Sweep net,,,CBAY0078,August 7 2024
KBIMP_003_B2,O. Colman,3,Canada,Nunavut,Kitikmeot,CBAY,1st creek/the ravine,69.132866,-105.46373,,,,,,,,,,Sweep net,,,CBAY0078,August 7 2024
KBIMP_003_B3,O. Colman,3,Canada,Nunavut,Kitikmeot,CBAY,1st creek/the ravine,69.132866,-105.46373,,,,,,,,,,Sweep net,,,CBAY0078,August 7 2024
KBIMP_003_B4,O. Colman,3,Canada,Nunavut,Kitikmeot,CBAY,1st creek/the ravine,69.132866,-105.46373,,,,,,,,,,Sweep net,,,CBAY0078,August 7 2024
KBIMP_003_B5,O. Colman,3,Canada,Nunavut,Kitikmeot,CBAY,1st creek/the ravine,69.132866,-105.46373,,,,,,,,,,Sweep net,,,CBAY0078,August 7 2024
KBIMP_003_B6,O. Colman,3,Canada,Nunavut,Kitikmeot,CBAY,1st creek/the ravine,69.132866,-105.46373,,,,,,,,,,Sweep net,,,CBAY0078,August 7 2024
KBIMP_003_B7,O. Colman,3,Canada,Nunavut,Kitikmeot,CBAY,1st creek/the ravine,69.132866,-105.46373,,,,,,,,,,Sweep net,,,CBAY0078,August 7 2024
KBIMP_003_B8,O. Colman,3,Canada,Nunavut,Kitikmeot,CBAY,1st creek/the ravine,69.132866,-105.46373,,,,,,,,,,Sweep net,,,CBAY0078,August 7 2024
KBIMP_003_B9,O. Colman,3,Canada,Nunavut,Kitikmeot,CBAY,1st creek/the ravine,69.132866,-105.46373,,,,,,,,,,Sweep net,,,CBAY0078,August 7 2024
KBIMP_003_B10,O. Colman,3,Canada,Nunavut,Kitikmeot,CBAY,1st creek/the ravine,69.132866,-105.46373,,,,,,,,,,Sweep net,,,CBAY0078,August 7 2024
KBIMP_003_B11,O. Colman,3,Canada,Nunavut,Kitikmeot,CBAY,1st creek/the ravine,69.132866,-105.46373,,,,,,,,,,Sweep net,,,CBAY0078,August 7 2024
KBIMP_003_B12,O. Colman,3,Canada,Nunavut,Kitikmeot,CBAY,1st creek/the ravine,69.132866,-105.46373,,,,,,,,,,Sweep net,,,CBAY0078,August 7 2024
KBIMP_003_H6,O. Colman/D.Nowosad,3,Canada,Nunavut,Kitikmeot,CBAY,1st creek/Long Pt creek,69.13281,-105.4632,,,,,,,,,,Malaise Trap,,,CBAY0045,July 31 - August 7 2024
KBIMP_003_H7,O. Colman/D.Nowosad,3,Canada,Nunavut,Kitikmeot,CBAY,1st creek/Long Pt creek,69.13281,-105.4632,,,,,,,,,,Malaise Trap,,,CBAY0045,July 31 - August 7 2024
KBIMP_003_H8,O. Colman/D.Nowosad,3,Canada,Nunavut,Kitikmeot,CBAY,1st creek/Long Pt creek,69.13281,-105.4632,,,,,,,,,,Malaise Trap,,,CBAY0045,July 31 - August 7 2024
KBIMP_003_H9,O. Colman/D.Nowosad,3,Canada,Nunavut,Kitikmeot,CBAY,1st creek/Long Pt creek,69.13281,-105.4632,,,,,,,,,,Malaise Trap,,,CBAY0045,July 31 - August 7 2024
KBIMP_003_H10,O. Colman/D.Nowosad,3,Canada,Nunavut,Kitikmeot,CBAY,1st creek/Long Pt creek,69.13281,-105.4632,,,,,,,,,,Malaise Trap,,,CBAY0045,July 31 - August 7 2024
KBIMP_003_H11,O. Colman/D.Nowosad,3,Canada,Nunavut,Kitikmeot,CBAY,1st creek/Long Pt creek,69.13281,-105.4632,,,,,,,,,,Malaise Trap,,,CBAY0045,July 31 - August 7 2024
KBIMP_004_A1,O. Colman/D.Nowosad,3,Canada,Nunavut,Kitikmeot,CBAY,1st creek/Long Pt creek,69.13281,-105.4632,,,,,,,,,,Malaise Trap,,,CBAY0045,July 31 - August 7 2024
KBIMP_004_A2,O. Colman/D.Nowosad,3,Canada,Nunavut,Kitikmeot,CBAY,1st creek/Long Pt creek,69.13281,-105.4632,,,,,,,,,,Malaise Trap,,,CBAY0045,July 31 - August 7 2024
KBIMP_004_A3,O. Colman/D.Nowosad,3,Canada,Nunavut,Kitikmeot,CBAY,1st creek/Long Pt creek,69.13281,-105.4632,,,,,,,,,,Malaise Trap,,,CBAY0045,July 31 - August 7 2024
KBIMP_004_A4,O. Colman/D.Nowosad,3,Canada,Nunavut,Kitikmeot,CBAY,1st creek/Long Pt creek,69.13281,-105.4632,,,,,,,,,,Malaise Trap,,,CBAY0045,July 31 - August 7 2024
KBIMP_004_A5,O. Colman/D.Nowosad,3,Canada,Nunavut,Kitikmeot,CBAY,1st creek/Long Pt creek,69.13281,-105.4632,,,,,,,,,,Malaise Trap,,,CBAY0045,July 31 - August 7 2024
KBIMP_004_A6,O. Colman/D.Nowosad,3,Canada,Nunavut,Kitikmeot,CBAY,1st creek/Long Pt creek,69.13281,-105.4632,,,,,,,,,,Malaise Trap,,,CBAY0045,July 31 - August 7 2024
KBIMP_004_A7,O. Colman/D.Nowosad,3,Canada,Nunavut,Kitikmeot,CBAY,1st creek/Long Pt creek,69.13281,-105.4632,,,,,,,,,,Malaise Trap,,,CBAY0045,July 31 - August 7 2024
KBIMP_004_A8,O. Colman/D.Nowosad,3,Canada,Nunavut,Kitikmeot,CBAY,1st creek/Long Pt creek,69.13281,-105.4632,,,,,,,,,,Malaise Trap,,,CBAY0045,July 31 - August 7 2024
KBIMP_004_A9,O. Colman/D.Nowosad,3,Canada,Nunavut,Kitikmeot,CBAY,1st creek/Long Pt creek,69.13281,-105.4632,,,,,,,,,,Malaise Trap,,,CBAY0045,July 31 - August 7 2024
KBIMP_004_A10,O. Colman/D.Nowosad,3,Canada,Nunavut,Kitikmeot,CBAY,1st creek/Long Pt creek,69.13281,-105.4632,,,,,,,,,,Malaise Trap,,,CBAY0045,July 31 - August 7 2024
KBIMP_004_C7,O. Colman/D.Nowosad,3,Canada,Nunavut,Kitikmeot,CBAY,DEW line Rd,69.132477,-104.988683,,,,,,,,,,Malaise Trap,,,CBAY0052,August 1-August 7 2024
KBIMP_004_C8,O. Colman/D.Nowosad,3,Canada,Nunavut,Kitikmeot,CBAY,DEW line Rd,69.132477,-104.988683,,,,,,,,,,Malaise Trap,,,CBAY0052,August 1-August 7 2024
KBIMP_004_C9,O. Colman/D.Nowosad,3,Canada,Nunavut,Kitikmeot,CBAY,DEW line Rd,69.132477,-104.988683,,,,,,,,,,Malaise Trap,,,CBAY0052,August 1-August 7 2024
KBIMP_004_C10,O. Colman/D.Nowosad,3,Canada,Nunavut,Kitikmeot,CBAY,DEW line Rd,69.132477,-104.988683,,,,,,,,,,Malaise Trap,,,CBAY0052,August 1-August 7 2024
KBIMP_004_C11,O. Colman/D.Nowosad,3,Canada,Nunavut,Kitikmeot,CBAY,DEW line Rd,69.132477,-104.988683,,,,,,,,,,Malaise Trap,,,CBAY0052,August 1-August 7 2024
KBIMP_004_C12,O. Colman/D.Nowosad,3,Canada,Nunavut,Kitikmeot,CBAY,DEW line Rd,69.132477,-104.988683,,,,,,,,,,Malaise Trap,,,CBAY0052,August 1-August 7 2024
KBIMP_004_D1,O. Colman/D.Nowosad,3,Canada,Nunavut,Kitikmeot,CBAY,DEW line Rd,69.132477,-104.988683,,,,,,,,,,Malaise Trap,,,CBAY0052,August 1-August 7 2024
KBIMP_004_D2,O. Colman/D.Nowosad,3,Canada,Nunavut,Kitikmeot,CBAY,DEW line Rd,69.132477,-104.988683,,,,,,,,,,Malaise Trap,,,CBAY0052,August 1-August 7 2024
KBIMP_004_D3,O. Colman/D.Nowosad,3,Canada,Nunavut,Kitikmeot,CBAY,DEW line Rd,69.132477,-104.988683,,,,,,,,,,Malaise Trap,,,CBAY0052,August 1-August 7 2024
KBIMP_004_D4,O. Colman/D.Nowosad,3,Canada,Nunavut,Kitikmeot,CBAY,DEW line Rd,69.132477,-104.988683,,,,,,,,,,Malaise Trap,,,CBAY0052,August 1-August 7 2024
KBIMP_004_E3,O. Colman/D.Nowosad,3,Canada,Nunavut,Kitikmeot,CBAY,DEW line Rd,69.132477,-104.988683,,,,,,,,,,Malaise Trap,,,CBAY0052,August 1-August 7 2024
KBIMP_004_E4,O. Colman/D.Nowosad,3,Canada,Nunavut,Kitikmeot,CBAY,DEW line Rd,69.132477,-104.988683,,,,,,,,,,Malaise Trap,,,CBAY0052,August 1-August 7 2024
KBIMP_004_E5,O. Colman/D.Nowosad,3,Canada,Nunavut,Kitikmeot,CBAY,DEW line Rd,69.132477,-104.988683,,,,,,,,,,Malaise Trap,,,CBAY0052,August 1-August 7 2024
KBIMP_004_E6,O. Colman/D.Nowosad,3,Canada,Nunavut,Kitikmeot,CBAY,DEW line Rd,69.132477,-104.988683,,,,,,,,,,Malaise Trap,,,CBAY0052,August 1-August 7 2024
KBIMP_004_E7,O. Colman/D.Nowosad,3,Canada,Nunavut,Kitikmeot,CBAY,DEW line Rd,69.132477,-104.988683,,,,,,,,,,Malaise Trap,,,CBAY0052,August 1-August 7 2024
KBIMP_004_E8,O. Colman/D.Nowosad,3,Canada,Nunavut,Kitikmeot,CBAY,DEW line Rd,69.132477,-104.988683,,,,,,,,,,Malaise Trap,,,CBAY0052,August 1-August 7 2024
KBIMP_004_E9,O. Colman/D.Nowosad,3,Canada,Nunavut,Kitikmeot,CBAY,DEW line Rd,69.132477,-104.988683,,,,,,,,,,Malaise Trap,,,CBAY0052,August 1-August 7 2024
KBIMP_004_E10,O. Colman/D.Nowosad,3,Canada,Nunavut,Kitikmeot,CBAY,DEW line Rd,69.132477,-104.988683,,,,,,,,,,Malaise Trap,,,CBAY0052,August 1-August 7 2024
KBIMP_004_E11,O. Colman/D.Nowosad,3,Canada,Nunavut,Kitikmeot,CBAY,DEW line Rd,69.132477,-104.988683,,,,,,,,,,Malaise Trap,,,CBAY0052,August 1-August 7 2024
KBIMP-_005_A2,O. Colman/D.Nowosad,3,Canada,Nunavut,Kitikmeot,CBAY,Creek by Long Pt beach,69.158448,-105.19093,,,,,,,,,,Malaise Trap,,,CBAY0051,August 1-August 7 2024
KBIMP-_005_A3,O. Colman/D.Nowosad,3,Canada,Nunavut,Kitikmeot,CBAY,Creek by Long Pt beach,69.158448,-105.19093,,,,,,,,,,Malaise Trap,,,CBAY0051,August 1-August 7 2024
KBIMP-_005_A4,O. Colman/D.Nowosad,3,Canada,Nunavut,Kitikmeot,CBAY,Creek by Long Pt beach,69.158448,-105.19093,,,,,,,,,,Malaise Trap,,,CBAY0051,August 1-August 7 2024
KBIMP-_005_A5,O. Colman/D.Nowosad,3,Canada,Nunavut,Kitikmeot,CBAY,Creek by Long Pt beach,69.158448,-105.19093,,,,,,,,,,Malaise Trap,,,CBAY0051,August 1-August 7 2024
KBIMP-_005_A6,O. Colman/D.Nowosad,3,Canada,Nunavut,Kitikmeot,CBAY,Creek by Long Pt beach,69.158448,-105.19093,,,,,,,,,,Malaise Trap,,,CBAY0051,August 1-August 7 2024
KBIMP-_005_A7,O. Colman/D.Nowosad,3,Canada,Nunavut,Kitikmeot,CBAY,Creek by Long Pt beach,69.158448,-105.19093,,,,,,,,,,Malaise Trap,,,CBAY0051,August 1-August 7 2024
KBIMP-_005_A8,O. Colman/D.Nowosad,3,Canada,Nunavut,Kitikmeot,CBAY,Creek by Long Pt beach,69.158448,-105.19093,,,,,,,,,,Malaise Trap,,,CBAY0051,August 1-August 7 2024
KBIMP-_005_A9,O. Colman/D.Nowosad,3,Canada,Nunavut,Kitikmeot,CBAY,Creek by Long Pt beach,69.158448,-105.19093,,,,,,,,,,Malaise Trap,,,CBAY0051,August 1-August 7 2024
KBIMP-_005_A10,O. Colman/D.Nowosad,3,Canada,Nunavut,Kitikmeot,CBAY,Creek by Long Pt beach,69.158448,-105.19093,,,,,,,,,,Malaise Trap,,,CBAY0051,August 1-August 7 2024
KBIMP-_005_A11,O. Colman/D.Nowosad,3,Canada,Nunavut,Kitikmeot,CBAY,Creek by Long Pt beach,69.158448,-105.19093,,,,,,,,,,Malaise Trap,,,CBAY0051,August 1-August 7 2024
KBIMP-_005_A12,O. Colman/D.Nowosad,3,Canada,Nunavut,Kitikmeot,CBAY,Creek by Long Pt beach,69.158448,-105.19093,,,,,,,,,,Malaise Trap,,,CBAY0051,August 1-August 7 2024
KBIMP-_005_B1,O. Colman/D.Nowosad,3,Canada,Nunavut,Kitikmeot,CBAY,Creek by Long Pt beach,69.158448,-105.19093,,,,,,,,,,Malaise Trap,,,CBAY0051,August 1-August 7 2024
KBIMP-_005_B2,O. Colman/D.Nowosad,3,Canada,Nunavut,Kitikmeot,CBAY,Creek by Long Pt beach,69.158448,-105.19093,,,,,,,,,,Malaise Trap,,,CBAY0051,August 1-August 7 2024
KBIMP-_005_B3,O. Colman/D.Nowosad,3,Canada,Nunavut,Kitikmeot,CBAY,Creek by Long Pt beach,69.158448,-105.19093,,,,,,,,,,Malaise Trap,,,CBAY0051,August 1-August 7 2024
KBIMP-_007_G10,"B. Taptuna, DHokanak",3,,Nunavut,Kitikmeot,KGLTK,other side of heart lake,67 48.2830,115 13.697,,,,,,,,,,,,,KGLTK0003,July 31-Aug 7
KBIMP-_007_G11,"B. Taptuna, DHokanak",3,,Nunavut,Kitikmeot,KGLTK,other side of heart lake,67 48.2830,115 13.697,,,,,,,,,,,,,KGLTK0003,July 31-Aug 7
KBIMP-_007_G12,"B. Taptuna, DHokanak",3,,Nunavut,Kitikmeot,KGLTK,other side of heart lake,67 48.2830,115 13.697,,,,,,,,,,,,,KGLTK0003,July 31-Aug 7
KBIMP-_007_H1,"B. Taptuna, DHokanak",3,,Nunavut,Kitikmeot,KGLTK,other side of heart lake,67 48.2830,115 13.697,,,,,,,,,,,,,KGLTK0003,July 31-Aug 7
KBIMP-_007_H2,"B. Taptuna, DHokanak",3,,Nunavut,Kitikmeot,KGLTK,other side of heart lake,67 48.2830,115 13.697,,,,,,,,,,,,,KGLTK0003,July 31-Aug 7
KBIMP-_007_H3,"B. Taptuna, DHokanak",3,,Nunavut,Kitikmeot,KGLTK,other side of heart lake,67 48.2830,115 13.697,,,,,,,,,,,,,KGLTK0003,July 31-Aug 7
KBIMP-_007_H4,"B. Taptuna, DHokanak",3,,Nunavut,Kitikmeot,KGLTK,other side of heart lake,67 48.2830,115 13.697,,,,,,,,,,,,,KGLTK0003,July 31-Aug 7
KBIMP-_007_H5,"B. Taptuna, DHokanak",3,,Nunavut,Kitikmeot,KGLTK,other side of heart lake,67 48.2830,115 13.697,,,,,,,,,,,,,KGLTK0003,July 31-Aug 7
KBIMP-_007_H6,"B. Taptuna, DHokanak",3,,Nunavut,Kitikmeot,KGLTK,other side of heart lake,67 48.2830,115 13.697,,,,,,,,,,,,,KGLTK0003,July 31-Aug 7
KBIMP-_007_H7,"B. Taptuna, DHokanak",3,,Nunavut,Kitikmeot,KGLTK,other side of heart lake,67 48.2830,115 13.697,,,,,,,,,,,,,KGLTK0003,July 31-Aug 7
KBIMP-_007_H8,"B. Taptuna, DHokanak",3,,Nunavut,Kitikmeot,KGLTK,other side of heart lake,67 48.2830,115 13.697,,,,,,,,,,,,,KGLTK0003,July 31-Aug 7
KBIMP-_008_C9,"B. Taptuna, DHokanak",3,,Nunavut,Kitikmeot,KGLTK,behind town,67 48.5989,115 07.5302,,,,,,,,,,,,,KGLTK0010,july 31-aug 8
KBIMP-_008_C10,"B. Taptuna, DHokanak",3,,Nunavut,Kitikmeot,KGLTK,behind town,67 48.5989,115 07.5302,,,,,,,,,,,,,KGLTK0010,july 31-aug 8
KBIMP-_008_C11,"B. Taptuna, DHokanak",3,,Nunavut,Kitikmeot,KGLTK,behind town,67 48.5989,115 07.5302,,,,,,,,,,,,,KGLTK0010,july 31-aug 8
KBIMP-_008_C12,"B. Taptuna, DHokanak",3,,Nunavut,Kitikmeot,KGLTK,behind town,67 48.5989,115 07.5302,,,,,,,,,,,,,KGLTK0010,july 31-aug 8
KBIMP-_008_D1,"B. Taptuna, DHokanak",3,,Nunavut,Kitikmeot,KGLTK,behind town,67 48.5989,115 07.5302,,,,,,,,,,,,,KGLTK0010,july 31-aug 8
KBIMP-_008_D2,"B. Taptuna, DHokanak",3,,Nunavut,Kitikmeot,KGLTK,behind town,67 48.5989,115 07.5302,,,,,,,,,,,,,KGLTK0010,july 31-aug 8
KBIMP-_008_D3,"B. Taptuna, DHokanak",3,,Nunavut,Kitikmeot,KGLTK,behind town,67 48.5989,115 07.5302,,,,,,,,,,,,,KGLTK0010,july 31-aug 8
KBIMP-_008_D4,"B. Taptuna, DHokanak",3,,Nunavut,Kitikmeot,KGLTK,behind town,67 48.5989,115 07.5302,,,,,,,,,,,,,KGLTK0010,july 31-aug 8
KBIMP-_008_D5,"B. Taptuna, DHokanak",3,,Nunavut,Kitikmeot,KGLTK,behind town,67 48.5989,115 07.5302,,,,,,,,,,,,,KGLTK0010,july 31-aug 8
KBIMP-_008_D6,"B. Taptuna, DHokanak",3,,Nunavut,Kitikmeot,KGLTK,behind town,67 48.5989,115 07.5302,,,,,,,,,,,,,KGLTK0010,july 31-aug 8
KBIMP-_008_A9,"B. Taptuna, DHokanak",3,,Nunavut,Kitikmeot,KGLTK,behind town,67 49.49971,115 05.3919,,,,,,,,,,,,,KGLTK0036,08-Aug
KBIMP-_008_A10,"B. Taptuna, DHokanak",3,,Nunavut,Kitikmeot,KGLTK,behind town,67 49.49971,115 05.3919,,,,,,,,,,,,,KGLTK0036,08-Aug
KBIMP-_008_A11,"B. Taptuna, DHokanak",3,,Nunavut,Kitikmeot,KGLTK,behind town,67 49.49971,115 05.3919,,,,,,,,,,,,,KGLTK0036,08-Aug
KBIMP-_008_A12,"B. Taptuna, DHokanak",3,,Nunavut,Kitikmeot,KGLTK,behind town,67 49.49971,115 05.3919,,,,,,,,,,,,,KGLTK0036,08-Aug
KBIMP-_008_B1,"B. Taptuna, DHokanak",3,,Nunavut,Kitikmeot,KGLTK,behind town,67 49.49971,115 05.3919,,,,,,,,,,,,,KGLTK0036,08-Aug
KBIMP-_008_B2,"B. Taptuna, DHokanak",3,,Nunavut,Kitikmeot,KGLTK,behind town,67 49.49971,115 05.3919,,,,,,,,,,,,,KGLTK0036,08-Aug
KBIMP-_008_B3,"B. Taptuna, DHokanak",3,,Nunavut,Kitikmeot,KGLTK,behind town,67 49.49971,115 05.3919,,,,,,,,,,,,,KGLTK0036,08-Aug
KBIMP-_008_B4,"B. Taptuna, DHokanak",3,,Nunavut,Kitikmeot,KGLTK,behind town,67 49.49971,115 05.3919,,,,,,,,,,,,,KGLTK0036,08-Aug
KBIMP-_008_B5,"B. Taptuna, DHokanak",3,,Nunavut,Kitikmeot,KGLTK,behind town,67 49.49971,115 05.3919,,,,,,,,,,,,,KGLTK0036,08-Aug
KBIMP-_008_C3,"B. Taptuna, DHokanak",4,,Nunavut,Kitikmeot,KGLTK,on 4 mile road,67 49.3982,115 09.0268,,,,,,,,,,,,,KGLTK0037,Aug 8 - Aug 14
KBIMP-_008_C4,"B. Taptuna, DHokanak",4,,Nunavut,Kitikmeot,KGLTK,on 4 mile road,67 48.5975,115 07.5335,,,,,,,,,,,,,KGLTK0037,Aug 8 - Aug 14
KBIMP-_008_C5,"B. Taptuna, DHokanak",4,,Nunavut,Kitikmeot,KGLTK,on 4 mile road,67 48.5975,115 07.5335,,,,,,,,,,,,,KGLTK0037,Aug 8 - Aug 14
KBIMP-_008_C6,"B. Taptuna, DHokanak",4,,Nunavut,Kitikmeot,KGLTK,on 4 mile road,67 48.5975,115 07.5335,,,,,,,,,,,,,KGLTK0037,Aug 8 - Aug 14
KBIMP-_008_C7,"B. Taptuna, DHokanak",4,,Nunavut,Kitikmeot,KGLTK,on 4 mile road,67 48.5975,115 07.5335,,,,,,,,,,,,,KGLTK0037,Aug 8 - Aug 14
KBIMP-_008_C8,"B. Taptuna, DHokanak",4,,Nunavut,Kitikmeot,KGLTK,on 4 mile road,67 48.5975,115 07.5335,,,,,,,,,,,,,KGLTK0037,Aug 8 - Aug 14
KBIMP-_007_E7,"B. Taptuna, DHokanak",4,,Nunavut,Kitikmeot,KGLTK,other side of heart lake,67 48.2870,115 13.9394,,,,,,,,,,,,,KGLTK0043,14-Aug-25
KBIMP-_007_E8,"B. Taptuna, DHokanak",4,,Nunavut,Kitikmeot,KGLTK,other side of heart lake,67 48.2870,115 13.9394,,,,,,,,,,,,,KGLTK0043,14-Aug-25
KBIMP-_007_E9,"B. Taptuna, DHokanak",4,,Nunavut,Kitikmeot,KGLTK,other side of heart lake,67 48.2870,115 13.9394,,,,,,,,,,,,,KGLTK0043,14-Aug-25
KBIMP-_007_E10,"B. Taptuna, DHokanak",4,,Nunavut,Kitikmeot,KGLTK,other side of heart lake,67 48.2870,115 13.9394,,,,,,,,,,,,,KGLTK0043,14-Aug-25
KBIMP-_007_D4,"B. Taptuna, DHokanak",4,,Nunavut,Kitikmeot,KGLTK,4 mile Bay,67 48.5978,115 07.5427,,,,,,,,,,,,,KGLTK0034,Aug 6- Aug 14
KBIMP-_007_D5,"B. Taptuna, DHokanak",4,,Nunavut,Kitikmeot,KGLTK,4 mile Bay,67 51.0830,115 16.3340,,,,,,,,,,,,,KGLTK0034,Aug 6- Aug 14
KBIMP-_007_D6,"B. Taptuna, DHokanak",4,,Nunavut,Kitikmeot,KGLTK,4 mile Bay,67 51.0830,115 16.3340,,,,,,,,,,,,,KGLTK0034,Aug 6- Aug 14
KBIMP-_007_D7,"B. Taptuna, DHokanak",4,,Nunavut,Kitikmeot,KGLTK,4 mile Bay,67 51.0830,115 16.3340,,,,,,,,,,,,,KGLTK0034,Aug 6- Aug 14
KBIMP-_007_D8,"B. Taptuna, DHokanak",4,,Nunavut,Kitikmeot,KGLTK,4 mile Bay,67 51.0830,115 16.3340,,,,,,,,,,,,,KGLTK0034,Aug 6- Aug 14
KBIMP-_007_D9,"B. Taptuna, DHokanak",4,,Nunavut,Kitikmeot,KGLTK,4 mile Bay,67 51.0830,115 16.3340,,,,,,,,,,,,,KGLTK0034,Aug 6- Aug 14
KBIMP-_007_D10,"B. Taptuna, DHokanak",4,,Nunavut,Kitikmeot,KGLTK,4 mile Bay,67 51.0830,115 16.3340,,,,,,,,,,,,,KGLTK0034,Aug 6- Aug 14
KBIMP-_007_D11,"B. Taptuna, DHokanak",4,,Nunavut,Kitikmeot,KGLTK,4 mile Bay,67 51.0830,115 16.3340,,,,,,,,,,,,,KGLTK0034,Aug 6- Aug 14
KBIMP-_007_D12,"B. Taptuna, DHokanak",4,,Nunavut,Kitikmeot,KGLTK,4 mile Bay,67 51.0830,115 16.3340,,,,,,,,,,,,,KGLTK0034,Aug 6- Aug 14
KBIMP-_007_E1,"B. Taptuna, DHokanak",4,,Nunavut,Kitikmeot,KGLTK,4 mile Bay,67 51.0830,115 16.3340,,,,,,,,,,,,,KGLTK0034,Aug 6- Aug 14
KBIMP-_008_E7,"B. Taptuna, DHokanak",4,,Nunavut,Kitikmeot,KGLTK,other side of heart lake,67 51.0828,115 16.3310,,,,,,,,,,,,,KGLTK0035,aug 7-aug 14
KBIMP-_008_E8,"B. Taptuna, DHokanak",4,,Nunavut,Kitikmeot,KGLTK,other side of heart lake,67 51.0828,115 16.3310,,,,,,,,,,,,,KGLTK0035,aug 7-aug 14
KBIMP-_008_E9,"B. Taptuna, DHokanak",4,,Nunavut,Kitikmeot,KGLTK,other side of heart lake,67 51.0828,115 16.3310,,,,,,,,,,,,,KGLTK0035,aug 7-aug 14
KBIMP-_008_E10,"B. Taptuna, DHokanak",4,,Nunavut,Kitikmeot,KGLTK,other side of heart lake,67 51.0828,115 16.3310,,,,,,,,,,,,,KGLTK0035,aug 7-aug 14
KBIMP-_008_E11,"B. Taptuna, DHokanak",4,,Nunavut,Kitikmeot,KGLTK,other side of heart lake,67 51.0828,115 16.3310,,,,,,,,,,,,,KGLTK0035,aug 7-aug 14
KBIMP-_008_E12,"B. Taptuna, DHokanak",4,,Nunavut,Kitikmeot,KGLTK,other side of heart lake,67 51.0828,115 16.3310,,,,,,,,,,,,,KGLTK0035,aug 7-aug 14
KBIMP-_008_B6,"B. Taptuna, DHokanak",4,,Nunavut,Kitikmeot,KGLTK,behind horseshoe,67 48.5963,115 07.5445,,,,,,,,,,,,,KGLTK0045,16-Aug-25
KBIMP-_008_B7,"B. Taptuna, DHokanak",4,,Nunavut,Kitikmeot,KGLTK,behind horseshoe,67 48.5963,115 07.5445,,,,,,,,,,,,,KGLTK0045,16-Aug-25
KBIMP-_008_B8,"B. Taptuna, DHokanak",4,,Nunavut,Kitikmeot,KGLTK,behind horseshoe,67 48.5963,115 07.5445,,,,,,,,,,,,,KGLTK0045,16-Aug-25
KBIMP-_008_B9,"B. Taptuna, DHokanak",5,,Nunavut,Kitikmeot,KGLTK,Trail to 4 mile ,67 49.3928,115 09.0264,,,,,,,,,,,,,KGLTK0041,Aug 14 - Aug 21
KBIMP-_008_B10,"B. Taptuna, DHokanak",5,,Nunavut,Kitikmeot,KGLTK,Trail to 4 mile ,67 49.3928,115 09.0264,,,,,,,,,,,,,KGLTK0041,Aug 14 - Aug 21
KBIMP-_007_E2,"B. Taptuna, DHokanak",5,,Nunavut,Kitikmeot,KGLTK,4 mile Bay,67 51.0830,115 16.3340,,,,,,,,,,,,,KGLTK0042,Aug 14 - Aug 23
KBIMP-_007_E3,"B. Taptuna, DHokanak",5,,Nunavut,Kitikmeot,KGLTK,4 mile Bay,67 51.0830,115 16.3340,,,,,,,,,,,,,KGLTK0042,Aug 14 - Aug 23
KBIMP-_007_E4,"B. Taptuna, DHokanak",5,,Nunavut,Kitikmeot,KGLTK,4 mile Bay,67 51.0830,115 16.3340,,,,,,,,,,,,,KGLTK0042,Aug 14 - Aug 23
KBIMP-_007_E5,"B. Taptuna, DHokanak",5,,Nunavut,Kitikmeot,KGLTK,4 mile Bay,67 51.0830,115 16.3340,,,,,,,,,,,,,KGLTK0042,Aug 14 - Aug 23
KBIMP-_007_E6,"B. Taptuna, DHokanak",5,,Nunavut,Kitikmeot,KGLTK,4 mile Bay,67 51.0830,115 16.3340,,,,,,,,,,,,,KGLTK0042,Aug 14 - Aug 23
KBIMP-_007_A1,B. Taptuna and D. Hokanak,5,Canada,Nunavut,Kitikmeot,KGLTK,on 4 mile trail ,67 49.4149,115 08.8725,,,,,,,,,,,,,KGLTK0048,Aug 21 - Aug 29
KBIMP-_007_A2,B. Taptuna and D. Hokanak,5,Canada,Nunavut,Kitikmeot,KGLTK,on 4 mile trail ,67 49.4149,115 08.8725,,,,,,,,,,,,,KGLTK0048,Aug 21 - Aug 29
KBIMP-_007_E11,"B. Taptuna, DHokanak",5,,Nunavut,Kitikmeot,KGLTK,other side of heart lake,67 48.2815,115 13.8729,,,,,,,,,,,,,KGLTK0047,Aug 21 - Aug 29
KBIMP-_007_E12,"B. Taptuna, DHokanak",5,,Nunavut,Kitikmeot,KGLTK,other side of heart lake,67 48.2815,115 13.8729,,,,,,,,,,,,,KGLTK0047,Aug 21 - Aug 29
KBIMP-_007_F1,"B. Taptuna, DHokanak",5,,Nunavut,Kitikmeot,KGLTK,other side of heart lake,67 48.2815,115 13.8729,,,,,,,,,,,,,KGLTK0047,Aug 21 - Aug 29
KBIMP-_008_B11,"B. Taptuna, DHokanak",5,,Nunavut,Kitikmeot,KGLTK,behind town,67 48.5983,115 07.5311,,,,,,,,,,,,,KGLTK0049,Aug 21 - Aug 29
KBIMP-_008_B12,"B. Taptuna, DHokanak",5,,Nunavut,Kitikmeot,KGLTK,behind town,67 48.5983,115 07.5311,,,,,,,,,,,,,KGLTK0049,Aug 21 - Aug 29
KBIMP-_008_C1,"B. Taptuna, DHokanak",5,,Nunavut,Kitikmeot,KGLTK,behind town,67 48.5983,115 07.5311,,,,,,,,,,,,,KGLTK0049,Aug 21 - Aug 29
KBIMP-_008_C2,"B. Taptuna, DHokanak",5,,Nunavut,Kitikmeot,KGLTK,behind town,67 48.5983,115 07.5311,,,,,,,,,,,,,KGLTK0049,Aug 21 - Aug 29
